OBJECTID,ST,STATE,ST_ABBR,FIPS,LOCATION,AREA_SQMI,E_TOTPOP,M_TOTPOP,E_HU,M_HU,E_HH,M_HH,E_POV150,M_POV150,E_UNEMP,M_UNEMP,E_HBURD,M_HBURD,E_NOHSDP,M_NOHSDP,E_UNINSUR,M_UNINSUR,E_AGE65,M_AGE65,E_AGE17,M_AGE17,E_DISABL,M_DISABL,E_SNGPNT,M_SNGPNT,E_LIMENG,M_LIMENG,E_MINRTY,M_MINRTY,E_MUNIT,M_MUNIT,E_MOBILE,M_MOBILE,E_CROWD,M_CROWD,E_NOVEH,M_NOVEH,E_GROUPQ,M_GROUPQ,EP_POV150,MP_POV150,EP_UNEMP,MP_UNEMP,EP_HBURD,MP_HBURD,EP_NOHSDP,MP_NOHSDP,EP_UNINSUR,MP_UNINSUR,EP_AGE65,MP_AGE65,EP_AGE17,MP_AGE17,EP_DISABL,MP_DISABL,EP_SNGPNT,MP_SNGPNT,EP_LIMENG,MP_LIMENG,EP_MINRTY,MP_MINRTY,EP_MUNIT,MP_MUNIT,EP_MOBILE,MP_MOBILE,EP_CROWD,MP_CROWD,EP_NOVEH,MP_NOVEH,EP_GROUPQ,MP_GROUPQ,EPL_POV150,EPL_UNEMP,EPL_HBURD,EPL_NOHSDP,EPL_UNINSUR,SPL_THEME1,RPL_THEME1,EPL_AGE65,EPL_AGE17,EPL_DISABL,EPL_SNGPNT,EPL_LIMENG,SPL_THEME2,RPL_THEME2,EPL_MINRTY,SPL_THEME3,RPL_THEME3,EPL_MUNIT,EPL_MOBILE,EPL_CROWD,EPL_NOVEH,EPL_GROUPQ,SPL_THEME4,RPL_THEME4,SPL_THEMES,RPL_THEMES,F_POV150,F_UNEMP,F_HBURD,F_NOHSDP,F_UNINSUR,F_THEME1,F_AGE65,F_AGE17,F_DISABL,F_SNGPNT,F_LIMENG,F_THEME2,F_MINRTY,F_THEME3,F_MUNIT,F_MOBILE,F_CROWD,F_NOVEH,F_GROUPQ,F_THEME4,F_TOTAL,E_DAYPOP,E_NOINT,M_NOINT,E_AFAM,M_AFAM,E_HISP,M_HISP,E_ASIAN,M_ASIAN,E_AIAN,M_AIAN,E_NHPI,M_NHPI,E_TWOMORE,M_TWOMORE,E_OTHERRACE,M_OTHERRACE,EP_NOINT,MP_NOINT,EP_AFAM,MP_AFAM,EP_HISP,MP_HISP,EP_ASIAN,MP_ASIAN,EP_AIAN,MP_AIAN,EP_NHPI,MP_NHPI,EP_TWOMORE,MP_TWOMORE,EP_OTHERRACE,MP_OTHERRACE,Shape_Length,Shape_Area
75,42,Pennsylvania,PA,15106,ZCTA5 15106,9.964359411,19550,704,9850,442,9215,418,3295,486,327,112,1810,306,557,149,618,168,4375,442,3244,363,2816,395,373,128,126,135,3106,1142,834,205,313,125,94,59,945,233,63,25,16.9,2.4,2.9,1,19.6,3.2,3.6,1,3.2,0.9,22.4,2,16.6,1.7,14.4,2,4.1,1.4,0.7,0.7,15.9,5.8,8.5,2,3.2,1.3,1,0.6,10.3,2.4,0.3,0.1,0.4997,0.3361,0.4772,0.1993,0.3591,1.8714,0.2602,0.6442,0.2923,0.4657,0.5522,0.7226,2.677,0.6432,0.7711,0.7711,0.7711,0.8399,0.4521,0.6254,0.7941,0.5847,3.2962,0.8352,8.6157,0.678,0,0,0,0,0,0,0,0,0,0,0,0,0,0,0,0,0,0,0,0,0,18604,1175,238,1325,414,292,178,369,216,17,24,0,18,1089,381,14,19,12.8,2.4,6.8,2.1,1.5,0.9,1.9,1.1,0.1,0.1,0,0.2,5.6,1.9,0.1,0.1,0.399337139,0.00273384
80,42,Pennsylvania,PA,15120,ZCTA5 15120,4.688048167,18136,531,9707,466,8377,419,4680,781,703,263,2259,350,727,274,1274,431,3962,466,3404,442,3470,495,565,199,153,115,5011,939,831,239,76,61,80,61,1733,406,102,11,25.9,4.2,7.6,2.6,27,4,5.5,2.1,7,2.3,21.8,2.6,18.8,2.3,19.2,2.8,6.8,2.4,0.9,0.7,27.6,5.1,8.5,2.4,0.8,0.6,0.9,0.7,20.7,4.4,0.6,0.1,0.7789,0.8153,0.8036,0.3236,0.7459,3.4673,0.8579,0.5996,0.4418,0.7685,0.8024,0.7667,3.379,0.9467,0.8836,0.8836,0.8836,0.8399,0.3191,0.5993,0.9312,0.6542,3.3437,0.8491,11.0736,0.9421,0,0,0,0,0,0,0,0,0,0,0,0,0,0,0,0,0,1,0,1,1,18675,1726,393,3899,523,360,175,132,136,24,29,0,18,594,225,2,4,20.6,4.2,21.5,3,2,1,0.7,0.8,0.1,0.2,0,0.2,3.3,1.2,0,0.1,0.177152975,0.001357446
81,42,Pennsylvania,PA,15122,ZCTA5 15122,12.92983783,19220,487,9031,592,8184,567,3992,733,908,302,1841,342,809,253,634,262,3912,403,3833,657,3271,489,280,117,116,96,3217,959,965,238,187,85,94,86,796,234,207,9,21.1,3.8,9,3.1,22.5,3.9,5.7,1.8,3.3,1.4,20.4,2,19.9,3.3,17.2,2.5,3.4,1.4,0.6,0.5,16.7,5,10.6,2.5,2.1,0.9,1.2,1,9.7,2.6,1.1,0,0.6543,0.8769,0.6332,0.3363,0.3702,2.8709,0.6462,0.4964,0.5284,0.6619,0.4706,0.6873,2.8446,0.7519,0.7788,0.7788,0.7788,0.8798,0.4055,0.672,0.7791,0.7292,3.4656,0.8879,9.9599,0.8657,0,0,0,0,0,0,0,0,0,0,0,0,0,0,0,0,0,0,0,0,0,26267,1119,259,1824,523,339,299,376,305,23,40,0,18,655,307,0,18,13.7,2.7,9.5,2.7,1.8,1.6,2,1.6,0.1,0.2,0,0.2,3.4,1.6,0,0.2,0.512434728,0.003606933
89,42,Pennsylvania,PA,15136,ZCTA5 15136,10.748065,23055,1029,11326,603,10173,554,5382,805,910,258,2207,402,1007,249,1025,327,4346,550,5088,500,3311,444,1099,311,81,104,6013,1718,692,202,43,61,71,66,1827,335,158,25,23.6,3.4,8.2,2.4,21.7,3.8,6,1.6,4.5,1.4,18.9,2.2,22.1,1.9,14.4,2,10.8,3,0.4,0.5,26.1,7.4,6.1,1.8,0.4,0.5,0.7,0.6,18,3.2,0.7,0.1,0.7258,0.8447,0.5877,0.3589,0.5193,3.0364,0.7226,0.3944,0.6911,0.4657,0.9229,0.6172,3.0913,0.8535,0.8704,0.8704,0.8704,0.7878,0.2781,0.5455,0.9145,0.6713,3.1972,0.7963,10.1953,0.8858,0,0,0,0,0,0,0,0,0,1,0,1,0,0,0,0,0,1,0,1,2,24807,1255,276,4088,674,302,270,386,297,66,42,0,21,853,315,318,284,12.3,2.6,17.7,3.1,1.3,1.2,1.7,1.3,0.3,0.2,0,0.1,3.7,1.4,1.4,1.2,0.404309681,0.003055892
100,42,Pennsylvania,PA,15201,ZCTA5 15201,1.925148974,13017,799,7664,389,6813,409,2273,379,295,103,1545,234,564,204,489,164,2090,257,1149,206,1565,264,148,63,1,69,3330,1050,943,180,54,58,20,22,908,186,104,10,17.5,2.7,3.3,1.2,22.7,3.2,5.1,1.8,3.8,1.2,16.1,1.9,8.8,1.5,12.1,1.9,2.1,0.9,0,0.5,25.6,7.9,12.3,2.3,0.7,0.8,0.3,0.3,13.3,2.7,0.8,0.1,0.5269,0.3821,0.6382,0.2943,0.4315,2.273,0.4,0.2383,0.1059,0.3072,0.3213,0,0.9727,0.0372,0.8687,0.8687,0.8687,0.9064,0.313,0.4312,0.864,0.6845,3.1991,0.7974,7.3135,0.4423,0,0,0,0,0,0,0,0,0,0,0,0,0,0,1,0,0,0,0,1,1,15932,793,181,2277,397,304,120,293,125,0,18,0,18,385,117,71,63,11.6,2.6,17.5,2.9,2.3,0.9,2.3,0.9,0,0.2,0,0.2,3,0.9,0.5,0.5,0.168021705,0.00060205
101,42,Pennsylvania,PA,15202,ZCTA5 15202,4.478452311,19790,545,10810,378,9757,350,2784,456,450,115,2673,370,573,163,1194,358,3442,386,3266,340,2953,387,402,137,84,90,3455,903,2529,384,5,7,8,20,1278,291,262,43,14.3,2.3,3.8,0.9,27.4,3.7,3.8,1.1,6.1,1.8,17.4,2,16.5,1.5,15,1.9,4.2,1.4,0.4,0.5,17.5,4.5,23.4,3.5,0,0.1,0.1,0.2,13.1,2.8,1.3,0.2,0.3922,0.4404,0.8119,0.2082,0.6878,2.5405,0.5064,0.3111,0.2879,0.5088,0.5671,0.6172,2.2921,0.4218,0.7893,0.7893,0.7893,0.9723,0,0.3923,0.8613,0.749,2.9749,0.7153,8.5968,0.6741,0,0,0,0,0,0,0,0,0,0,0,0,0,0,1,0,0,0,0,1,1,12528,1133,310,2022,426,414,148,212,123,4,5,0,18,736,215,67,43,11.6,3.1,10.2,2.1,2.1,0.7,1.1,0.6,0,0.1,0,0.2,3.7,1.1,0.3,0.2,0.227470205,0.001346
102,42,Pennsylvania,PA,15203,ZCTA5 15203,1.483741723,10302,822,6867,387,5814,403,2764,609,188,93,1967,367,307,157,743,379,958,167,571,201,753,244,189,122,27,77,1850,1092,1264,224,10,11,57,56,880,222,25,12,26.8,5.5,2.6,1.3,33.8,5.9,4.3,2.2,7.2,3.5,9.3,1.7,5.5,1.8,7.3,2.4,3.2,2.1,0.3,0.8,18,10.5,18.4,3.1,0.1,0.2,1,1,15.1,3.8,0.2,0.1,0.7978,0.3039,0.9034,0.2385,0.7624,3.006,0.7047,0.0717,0.0756,0.0917,0.444,0.5775,1.2605,0.086,0.7954,0.7954,0.7954,0.9573,0.2288,0.6254,0.8868,0.545,3.2433,0.8119,8.3052,0.6162,0,0,1,0,0,1,0,0,0,0,0,0,0,0,1,0,0,0,0,1,2,16142,450,169,1074,514,268,113,196,124,0,18,0,18,311,162,1,3,7.7,2.9,10.4,4.6,2.6,1.1,1.9,1.2,0,0.3,0,0.3,3,1.6,0,0.1,0.157474441,0.000474085
103,42,Pennsylvania,PA,15204,ZCTA5 15204,1.880278902,8276,908,3991,299,3461,334,2232,614,414,205,891,228,618,225,549,182,1162,178,1490,453,1378,268,234,139,74,83,4546,1144,274,142,0,16,51,52,571,184,4,8,27,6.8,9.5,4.2,25.7,6.1,10.1,3.9,6.6,2.1,14,2.2,18,4.5,16.7,3.1,6.8,4,1,1.1,54.9,12.4,6.9,3.5,0,0.7,1.4,1.5,16.5,5.2,0,0.1,0.8033,0.8918,0.7597,0.6731,0.7221,3.85,0.9376,0.1583,0.3828,0.6177,0.8024,0.7871,2.7483,0.6948,0.9641,0.9641,0.9641,0.8039,0,0.7125,0.9057,0,2.4221,0.556,9.9845,0.8696,0,0,0,0,0,0,0,0,0,0,0,0,1,1,0,0,0,1,0,1,2,4052,413,176,3618,725,136,94,201,119,2,4,0,16,568,281,21,34,11.9,4.8,43.7,7.2,1.6,1.2,2.4,1.5,0,0.1,0,0.4,6.9,3.4,0.3,0.4,0.119104748,0.000543606
104,42,Pennsylvania,PA,15205,ZCTA5 15205,11.68138821,23946,1048,11975,446,11200,437,4918,854,519,174,2829,401,816,277,1420,419,3989,404,4583,602,2872,382,573,138,244,130,5238,1435,2047,317,213,100,122,65,1211,227,134,12,20.6,3.5,3.7,1.2,25.3,3.4,4.6,1.5,5.9,1.7,16.7,1.7,19.1,2.1,12,1.5,5.1,1.2,1.1,0.6,21.9,5.9,17.1,2.6,1.8,0.8,1.1,0.6,10.8,1.9,0.6,0,0.6366,0.4332,0.7453,0.2601,0.6713,2.7465,0.5928,0.2686,0.465,0.2994,0.6704,0.8009,2.5043,0.5427,0.834,0.834,0.834,0.9501,0.39,0.6459,0.8119,0.6542,3.4521,0.8818,9.5369,0.8145,0,0,0,0,0,0,0,0,0,0,0,0,0,0,1,0,0,0,0,1,1,37982,1153,265,2617,634,648,280,1088,461,0,21,6,10,845,285,34,32,10.3,2.4,10.9,2.6,2.7,1.1,4.5,1.9,0,0.1,0,0.1,3.5,1.2,0.1,0.1,0.617477471,0.003213579
105,42,Pennsylvania,PA,15206,ZCTA5 15206,4.763855434,29316,1452,16808,665,14601,600,6700,674,740,220,4845,538,971,186,1199,287,4353,323,4504,470,3929,490,968,181,302,140,13461,1829,4638,477,49,34,341,173,3193,421,952,23,23.5,2,4.2,1.2,33.2,3.4,4.3,0.8,4.2,1,14.8,1.3,15.4,1.3,13.6,1.7,6.6,1.2,1.1,0.5,45.9,5.8,27.6,2.6,0.3,0.2,2.4,1.2,21.9,2.7,3.2,0.2,0.7241,0.4958,0.894,0.2385,0.4845,2.8369,0.634,0.1864,0.2471,0.405,0.7919,0.8009,2.4313,0.4961,0.9482,0.9482,0.9482,0.9795,0.2648,0.8457,0.9384,0.8693,3.8977,0.9845,10.1141,0.8802,0,0,0,0,0,0,0,0,0,0,0,0,1,1,1,0,0,1,0,2,3,27665,1805,287,8745,752,1309,577,2030,419,30,27,1,2,1294,375,52,39,12.4,1.9,29.8,2.5,4.5,1.9,6.9,1.4,0.1,0.1,0,0.1,4.4,1.2,0.2,0.1,0.212800833,0.001397408
106,42,Pennsylvania,PA,15207,ZCTA5 15207,4.539917818,10407,885,5531,415,4752,365,3195,576,633,219,1476,255,443,125,541,186,2269,270,2009,464,2208,366,432,142,126,111,3136,1199,245,114,0,18,6,20,907,214,235,7,31.3,5,12.3,3.7,31.1,4.8,5.8,1.7,5.3,1.8,21.8,2.7,19.3,3.5,21.6,3.4,9.1,2.9,1.3,1.1,30.1,11.2,4.4,2,0,0.5,0.1,0.4,19.1,4.2,2.3,0.2,0.8693,0.9379,0.8735,0.3446,0.6144,3.6397,0.9036,0.5996,0.4793,0.8486,0.8923,0.8246,3.6444,0.9834,0.8969,0.8969,0.8969,0.7302,0,0.3923,0.9223,0.8356,2.8804,0.6892,11.0614,0.9415,0,1,0,0,0,1,0,0,0,0,0,0,0,0,0,0,0,1,0,1,2,5988,842,226,2171,528,353,183,205,169,15,24,0,18,362,210,30,32,17.7,4.4,20.9,4.8,3.4,1.8,2,1.6,0.1,0.2,0,0.3,3.5,2,0.3,0.3,0.319820809,0.001341671
107,42,Pennsylvania,PA,15208,ZCTA5 15208,1.49813522,9037,827,5479,275,4016,294,3069,671,224,91,935,191,303,134,253,117,1956,242,2196,443,1305,241,437,143,71,84,5661,975,501,122,0,16,0,22,881,153,64,9,34.3,6.8,5.5,2.2,23.3,4.4,4.9,2.2,2.8,1.2,21.6,3.3,24.3,3.7,14.6,2.9,10.9,3.5,0.8,1,62.6,9.1,9.1,2.2,0,0.5,0,0.5,21.9,3.8,0.7,0.1,0.8997,0.6534,0.667,0.2772,0.3083,2.8056,0.6234,0.5814,0.8064,0.4812,0.9251,0.7441,3.5382,0.9723,0.973,0.973,0.973,0.8543,0,0,0.9384,0.6713,2.464,0.571,9.7808,0.8496,0,0,0,0,0,0,0,0,0,1,0,1,1,1,0,0,0,1,0,1,3,7048,664,198,4755,747,204,127,219,85,0,16,0,16,409,174,74,90,16.5,4.9,52.6,5.4,2.3,1.4,2.4,1,0,0.3,0,0.3,4.5,2,0.8,1,0.110492916,0.00041377
108,42,Pennsylvania,PA,15209,ZCTA5 15209,4.818508558,11996,776,6078,452,5700,421,1666,519,314,148,1204,270,482,177,372,143,2328,482,1830,314,1874,452,279,124,11,72,1165,1094,326,153,32,41,0,25,577,192,67,23,13.9,4.2,4.3,2,21.1,4.5,5.1,1.8,3.1,1.1,19.4,3.7,15.3,2.3,15.6,3.6,4.9,2.1,0.1,0.6,9.7,9.1,5.4,2.5,0.5,0.7,0,0.4,10.1,3.1,0.6,0.2,0.3762,0.5097,0.5527,0.2943,0.3431,2.076,0.3309,0.4203,0.241,0.5508,0.6476,0.4749,2.3346,0.4384,0.6376,0.6376,0.6376,0.7651,0.2903,0,0.7897,0.6542,2.4993,0.5794,7.5475,0.4891,0,0,0,0,0,0,0,0,0,0,0,0,0,0,0,0,0,0,0,0,0,7831,665,215,368,251,367,216,81,95,0,18,13,18,300,187,36,59,11.7,3.6,3.1,2.1,3.1,1.8,0.7,0.8,0,0.2,0.1,0.1,2.5,1.5,0.3,0.5,0.285048129,0.001363315
109,42,Pennsylvania,PA,15210,ZCTA5 15210,4.705756736,26224,1639,12983,588,10860,579,9313,1316,1204,399,3642,529,2159,349,2528,653,3754,378,5731,807,4637,581,1299,378,805,279,11562,1928,742,205,184,98,198,97,2858,431,69,16,35.6,4.5,8.7,2.8,33.5,4.5,11.8,1.8,9.6,2.4,14.3,1.6,21.9,2.3,17.7,2,12,3.4,3.2,1.1,44.1,6.8,5.7,1.6,1.4,0.8,1.8,0.9,26.3,3.6,0.3,0.1,0.9114,0.8669,0.899,0.7604,0.8481,4.2858,0.976,0.1688,0.6779,0.6906,0.9423,0.9316,3.4112,0.9534,0.9432,0.9432,0.9432,0.7767,0.3618,0.7841,0.9556,0.5847,3.4629,0.8873,12.1031,0.9816,1,0,0,0,0,1,0,0,0,1,1,2,1,1,0,0,0,1,0,1,5,13505,1432,235,8216,1175,1379,460,1005,475,22,24,0,21,714,279,226,142,13.2,2.3,31.3,3.3,5.3,1.7,3.8,1.8,0.1,0.1,0,0.1,2.7,1.1,0.9,0.6,0.280098285,0.001324737
110,42,Pennsylvania,PA,15211,ZCTA5 15211,1.584043687,10567,787,6562,332,5785,376,1877,370,396,205,1510,312,329,146,745,282,1902,286,928,206,1168,202,236,107,52,73,1460,1086,990,226,31,50,45,34,722,155,17,5,17.8,3.2,5.3,2.6,26.1,5.1,3.8,1.6,7.1,2.5,18,2.6,8.8,1.8,11.1,2,4.1,1.8,0.5,0.7,13.8,10.2,15.1,3.4,0.5,0.8,0.7,0.6,12.5,2.5,0.2,0,0.5424,0.6278,0.7747,0.2082,0.7552,2.9083,0.6646,0.3447,0.1059,0.2464,0.5522,0.6624,1.9116,0.2408,0.7297,0.7297,0.7297,0.9324,0.2903,0.5455,0.8513,0.545,3.1645,0.7836,8.7141,0.6914,0,0,0,0,0,0,0,0,0,0,0,0,0,0,1,0,0,0,0,1,1,4977,532,132,695,332,270,133,165,92,52,44,0,18,202,105,76,52,9.2,2.3,6.6,3.1,2.6,1.2,1.6,0.9,0.5,0.4,0,0.3,1.9,1,0.7,0.5,0.119038348,0.000434011
111,42,Pennsylvania,PA,15212,ZCTA5 15212,5.797487554,27256,1365,15960,623,14033,670,7254,840,926,237,3590,468,1779,355,1473,390,4308,384,3994,556,4504,503,874,222,62,81,10482,1702,2710,334,83,82,129,66,3807,602,417,27,26.9,2.8,5.9,1.5,25.6,3.1,8.3,1.6,5.4,1.4,15.8,1.5,14.7,1.7,16.6,1.7,6.3,1.6,0.2,0.3,38.5,5.9,17,2,0.5,0.5,0.9,0.5,27.1,3.6,1.5,0.1,0.8,0.6927,0.7558,0.5456,0.6254,3.4195,0.8468,0.2267,0.2223,0.6127,0.773,0.5229,2.3576,0.4484,0.9322,0.9322,0.9322,0.9474,0.2903,0.5993,0.9573,0.7733,3.5676,0.9162,10.2769,0.893,0,0,0,0,0,0,0,0,0,0,0,0,1,1,1,0,0,1,0,2,3,40258,2121,349,7626,1008,787,293,404,120,45,47,0,21,1407,531,213,136,15.1,2.3,28,3.2,2.9,1.1,1.5,0.5,0.2,0.2,0,0.1,5.2,1.9,0.8,0.5,0.411854015,0.001639
112,42,Pennsylvania,PA,15213,ZCTA5 15213,2.440056918,29410,1054,11216,524,9332,514,10365,820,995,197,4819,501,492,181,1143,426,2330,324,1044,236,3145,402,248,118,523,243,10418,1397,6226,519,12,13,201,87,3508,335,11597,177,57.9,3,7.3,1.4,51.6,4.6,5.9,2,3.9,1.4,7.9,1.1,3.5,0.8,10.7,1.3,2.6,1.3,1.8,0.8,35.4,4.6,55.5,3.8,0.1,0.1,2.1,0.9,37.6,3.2,39.4,1.5,0.9856,0.8009,0.9834,0.3501,0.4448,3.5648,0.8841,0.059,0.0607,0.2243,0.3751,0.8781,1.5972,0.1393,0.9222,0.9222,0.9222,0.9922,0.2288,0.8158,0.9795,0.9835,3.9998,0.9945,10.084,0.8791,1,0,1,0,0,2,0,0,0,0,0,0,1,1,1,0,0,1,1,3,6,113172,1129,254,3716,521,959,200,4674,507,29,21,7,14,974,225,59,56,12.1,2.7,12.6,1.7,3.3,0.7,15.9,1.6,0.1,0.1,0,0.1,3.3,0.8,0.2,0.2,0.20439254,0.000670913
113,42,Pennsylvania,PA,15214,ZCTA5 15214,4.603273682,14719,1201,6717,334,6038,322,5166,1039,565,150,1749,278,681,233,979,488,2609,284,3052,497,2426,518,626,203,240,139,6369,1416,466,123,54,51,127,94,1001,169,157,22,35.7,6.5,7.9,2.1,29,4.3,6.7,2.2,6.7,3.1,17.7,2.4,20.7,2.6,16.6,3,10.4,3.3,1.7,1,43.3,8.9,6.9,1.8,0.8,0.8,2.1,1.6,16.6,2.9,1.1,0.1,0.9125,0.8308,0.8463,0.418,0.7265,3.7341,0.922,0.3271,0.5836,0.6127,0.9168,0.8693,3.3095,0.9306,0.9399,0.9399,0.9399,0.8039,0.3191,0.8158,0.9068,0.7292,3.5748,0.9179,11.5583,0.9666,1,0,0,0,0,1,0,0,0,1,0,1,1,1,0,0,0,1,0,1,4,7214,840,215,5231,995,216,96,103,76,8,15,1,3,790,295,20,26,13.9,3.4,35.5,5,1.5,0.7,0.7,0.5,0.1,0.1,0,0.1,5.4,2,0.1,0.2,0.260176073,0.001262275
114,42,Pennsylvania,PA,15215,ZCTA5 15215,6.188431659,12647,595,5932,323,5428,286,1654,431,337,97,1154,284,425,114,390,129,2613,341,2915,386,1334,189,336,143,112,99,1961,930,401,123,18,24,92,56,600,125,158,6,13.3,3.4,5.4,1.5,21.3,5.1,4.7,1.3,3.1,1,20.7,2.6,23,2.6,10.7,1.7,6.2,2.6,0.9,0.8,15.5,7.3,6.7,2,0.3,0.4,1.7,1,11.1,2.3,1.2,0.1,0.3573,0.64,0.5638,0.2684,0.3431,2.1726,0.3643,0.5152,0.7441,0.2243,0.7642,0.7667,3.0145,0.8252,0.7645,0.7645,0.7645,0.8,0.2648,0.7708,0.8185,0.7413,3.3954,0.8624,9.347,0.7889,0,0,0,0,0,0,0,0,0,0,0,0,0,0,0,0,0,0,0,0,0,10608,450,141,562,281,277,124,794,334,2,5,0,18,301,105,25,27,8.3,2.5,4.4,2.2,2.2,1,6.3,2.6,0,0.1,0,0.2,2.4,0.8,0.2,0.2,0.21510376,0.001798163
115,42,Pennsylvania,PA,15216,ZCTA5 15216,3.436733671,22134,1138,11223,480,10164,418,3323,655,554,219,2018,383,717,178,794,254,3644,464,4412,606,3044,565,446,137,112,110,4149,1418,892,215,19,30,60,68,1095,231,64,51,15,2.9,4.2,1.6,19.9,3.7,4.4,1.1,3.6,1.1,16.5,2.1,19.9,2,13.8,2.4,4.4,1.3,0.5,0.5,18.7,6.3,7.9,1.9,0.2,0.3,0.6,0.7,10.8,2.2,0.3,0.2,0.4216,0.4958,0.4939,0.2441,0.4072,2.0626,0.3253,0.2592,0.5284,0.426,0.6004,0.6624,2.4764,0.5239,0.8042,0.8042,0.8042,0.8249,0.2443,0.52,0.8119,0.5847,2.9858,0.7192,8.329,0.6212,0,0,0,0,0,0,0,0,0,0,0,0,0,0,0,0,0,0,0,0,0,18224,1019,262,2142,736,760,319,321,211,24,29,0,21,656,308,246,323,10,2.5,9.7,3,3.4,1.4,1.5,1,0.1,0.1,0,0.1,3,1.4,1.1,1.5,0.228504948,0.000944306
116,42,Pennsylvania,PA,15217,ZCTA5 15217,3.868398409,26788,1408,12620,598,11722,671,4598,725,282,123,3425,498,446,330,878,359,5113,443,4979,586,2554,528,272,125,494,201,6696,2006,2753,363,0,21,114,83,2238,381,429,8,17.5,2.6,1.9,0.8,29.2,3.9,2.4,1.7,3.3,1.3,19.1,1.6,18.6,2,9.7,1.9,2.3,1.1,1.9,0.8,25,7.4,21.8,2.7,0,0.2,0.9,0.7,19.1,2.9,1.6,0.1,0.5269,0.2413,0.8491,0.1391,0.3702,2.1266,0.3487,0.4109,0.4225,0.1779,0.3418,0.8842,2.2373,0.3868,0.8627,0.8627,0.8627,0.9684,0,0.5993,0.9223,0.781,3.271,0.8246,8.4976,0.6563,0,0,0,0,0,0,0,0,0,0,0,0,0,0,1,0,0,1,0,2,2,20633,1245,438,1296,545,1354,370,2675,552,39,34,0,21,1180,326,152,170,10.6,3.5,4.8,2,5.1,1.4,10,2,0.1,0.1,0,0.1,4.4,1.2,0.6,0.6,0.21348612,0.001089326
117,42,Pennsylvania,PA,15218,ZCTA5 15218,2.291947418,13697,272,7357,426,6732,374,2993,630,501,182,1803,373,157,99,692,327,2248,305,2486,452,1775,316,310,114,105,107,4431,636,690,225,0,18,85,83,852,262,45,6,21.9,4.6,5.7,2,26.8,5.3,1.5,1,5.1,2.4,16.4,2.2,18.1,3.3,13,2.4,4.7,1.7,0.8,0.8,32.4,4.6,9.4,3,0,0.4,1.3,1.2,12.7,3.6,0.3,0,0.6776,0.6739,0.7969,0.0999,0.5906,2.8389,0.6357,0.2554,0.39,0.3685,0.626,0.7441,2.384,0.4634,0.9101,0.9101,0.9101,0.862,0,0.692,0.8552,0.5847,2.9939,0.7231,9.1269,0.7577,0,0,0,0,0,0,0,0,0,0,0,0,1,1,0,0,0,0,0,0,1,8796,582,205,2927,504,476,176,433,214,8,13,0,18,547,214,40,29,8.6,2.9,21.4,3.7,3.5,1.3,3.2,1.6,0.1,0.1,0,0.2,4,1.6,0.3,0.2,0.156945319,0.000642967
118,42,Pennsylvania,PA,15219,ZCTA5 15219,2.200627345,10680,1017,6777,438,5440,403,4702,739,603,213,2227,301,572,157,550,204,1846,221,2354,503,1847,316,871,227,37,70,8314,1072,2622,335,18,30,92,63,2436,288,228,20,44.2,5.5,11.8,3.5,40.9,4.6,8.2,2.3,5.2,1.9,17.3,2.2,22,3.3,17.3,3.1,16,4,0.4,0.7,77.8,6.8,38.7,4.3,0.3,0.4,1.7,1.2,44.8,4.4,2.1,0.3,0.9573,0.9312,0.9512,0.5384,0.6006,3.9787,0.9521,0.305,0.6817,0.6652,0.9756,0.6172,3.2447,0.9179,0.9835,0.9835,0.9835,0.9873,0.2648,0.7708,0.9872,0.8224,3.8325,0.9745,12.0394,0.9799,1,1,1,0,0,3,0,0,0,1,0,1,1,1,1,0,0,1,0,2,7,51436,984,185,6834,791,419,172,519,198,0,18,13,18,464,189,65,40,18.1,3.3,64,4,3.9,1.6,4.9,1.8,0,0.3,0.1,0.2,4.3,1.7,0.6,0.4,0.308162535,0.00073123
119,42,Pennsylvania,PA,15220,ZCTA5 15220,4.72861243,18535,890,9737,531,9074,519,2248,542,237,104,1610,292,649,204,525,207,3306,315,3177,393,2279,437,409,169,292,193,5683,1180,2528,445,28,42,167,98,608,161,344,41,12.3,2.9,2.2,0.9,17.7,3.1,4.5,1.4,2.9,1.1,17.8,1.8,17.1,1.9,12.5,2.4,4.5,1.8,1.7,1.1,30.7,6.2,25.9,4.3,0.3,0.4,1.8,1.1,6.7,1.8,1.9,0.2,0.3163,0.2673,0.3857,0.2529,0.3199,1.5421,0.1632,0.3331,0.3249,0.3398,0.6088,0.8693,2.4759,0.5228,0.9002,0.9002,0.9002,0.9751,0.2648,0.7841,0.636,0.8081,3.4681,0.8885,8.3863,0.6301,0,0,0,0,0,0,0,0,0,0,0,0,1,1,1,0,0,0,0,1,2,21794,792,213,1137,318,225,164,3041,627,0,18,0,18,1106,426,174,209,8.7,2.4,6.1,1.7,1.2,0.9,16.4,3.2,0,0.2,0,0.2,6,2.2,0.9,1.1,0.393285249,0.001303049
120,42,Pennsylvania,PA,15221,ZCTA5 15221,6.210467658,29583,1117,17711,608,15044,572,8168,911,1208,249,4606,525,1173,276,1419,333,6343,502,5046,659,5689,615,1231,257,113,113,15441,1382,3189,422,63,53,83,63,3626,371,172,12,27.8,2.9,7.7,1.6,30.6,3.3,5.2,1.3,4.8,1.1,21.4,1.9,17.1,1.9,19.3,1.8,8.2,1.7,0.4,0.4,52.2,4.2,18,2.3,0.4,0.3,0.5,0.4,24.1,2.4,0.6,0,0.8139,0.8186,0.8685,0.3043,0.5558,3.3611,0.8323,0.5643,0.3249,0.7718,0.8724,0.6172,3.1506,0.8768,0.9608,0.9608,0.9608,0.9546,0.2781,0.4906,0.9467,0.6542,3.3242,0.8418,10.7967,0.9298,0,0,0,0,0,0,0,0,0,0,0,0,1,1,1,0,0,1,0,2,3,22799,2170,341,12570,1285,794,254,354,164,16,18,9,14,1479,462,219,188,14.4,2.2,42.5,3.3,2.7,0.9,1.2,0.6,0.1,0.1,0,0.1,5,1.6,0.7,0.6,0.296120365,0.001708613
121,42,Pennsylvania,PA,15222,ZCTA5 15222,0.885782467,5418,409,3660,306,2818,313,599,196,177,124,526,136,84,60,207,89,616,152,153,82,334,67,0,22,31,63,1455,563,3193,323,30,42,3,17,781,202,1405,23,14.6,4.6,4.7,3.2,18.7,4.4,2.3,1.6,3.8,1.6,11.4,2.8,2.8,1.4,6.2,1.3,0,0.8,0.6,1.2,26.9,10.2,87.3,5,0.8,1.2,0.1,0.6,27.7,6,25.9,2,0.4039,0.5613,0.4312,0.1336,0.4315,1.9615,0.2886,0.0987,0.059,0.0702,0,0.6873,0.9152,0.0322,0.8792,0.8792,0.8792,0.9978,0.3191,0.3923,0.9606,0.9779,3.6477,0.9351,7.4036,0.4568,0,0,0,0,0,0,0,0,0,0,0,0,0,0,1,0,0,1,1,3,3,61851,139,103,521,136,143,53,609,252,0,16,0,16,182,73,0,16,4.9,3.6,9.6,2.6,2.6,1,11.2,4.3,0,0.6,0,0.6,3.4,1.3,0,0.6,0.135025097,0.000352714
123,42,Pennsylvania,PA,15224,ZCTA5 15224,1.526049622,10873,702,6392,332,5634,337,2462,380,415,122,1624,233,619,185,509,149,1756,203,1178,246,1612,214,152,68,167,112,3267,938,848,201,22,31,18,16,1203,215,307,7,23.3,3.2,5.7,1.6,28.8,3.8,7.1,2,4.8,1.3,16.2,1.8,10.8,1.9,15.2,2,2.7,1.2,1.6,1.1,30,8.4,13.2,3.1,0.3,0.5,0.3,0.3,21.4,3.5,2.8,0.2,0.7175,0.6739,0.843,0.4522,0.5558,3.2424,0.7944,0.2427,0.134,0.5249,0.3912,0.8599,2.1527,0.3541,0.8963,0.8963,0.8963,0.9163,0.2648,0.4312,0.9367,0.8549,3.4039,0.8657,9.6953,0.8323,0,0,0,0,0,0,0,0,0,0,0,0,0,0,1,0,0,1,0,2,2,11371,572,117,2026,395,461,233,443,181,4,7,0,18,314,139,19,31,10.2,2.1,18.6,3.5,4.2,2.1,4.1,1.6,0,0.1,0,0.3,2.9,1.2,0.2,0.3,0.111222414,0.000420045
125,42,Pennsylvania,PA,15226,ZCTA5 15226,2.493232429,13673,1076,6912,447,6256,406,1898,356,505,254,1221,296,866,292,779,297,2813,376,2115,417,2383,517,292,124,196,146,1824,1517,543,169,39,46,136,131,724,228,125,29,13.9,2.4,6.8,3.3,19.5,4.6,8.1,2.6,5.7,2.3,20.6,2.7,15.5,2.4,17.5,3.5,4.7,2,1.5,1.1,13.3,11,7.9,2.4,0.6,0.7,2.2,2.1,11.6,3.7,0.9,0.2,0.3762,0.7698,0.4711,0.5312,0.6492,2.7975,0.6184,0.5074,0.2515,0.6801,0.626,0.8489,2.9139,0.788,0.7187,0.7187,0.7187,0.8249,0.303,0.8235,0.8307,0.7049,3.487,0.8951,9.9171,0.8618,0,0,0,0,0,0,0,0,0,0,0,0,0,0,0,0,0,0,0,0,0,9929,932,252,445,190,871,345,202,118,0,18,30,31,267,110,9,13,14.9,3.9,3.3,1.3,6.4,2.5,1.5,0.9,0,0.2,0.2,0.2,2,0.8,0.1,0.1,0.166480312,0.00068352
126,42,Pennsylvania,PA,15227,ZCTA5 15227,6.113607794,29383,1041,13994,526,13143,519,4873,980,527,160,3143,513,1169,301,1370,536,6028,531,5680,770,4446,575,631,215,622,301,5395,1649,1659,425,9,14,224,148,1687,374,432,37,16.8,3.3,3.3,1,23.9,3.8,5.3,1.4,4.7,1.9,20.5,1.9,19.3,2.4,15.3,1.9,4.8,1.6,2.2,1.1,18.4,5.6,11.8,3,0.1,0.1,1.7,1.1,12.8,2.7,1.5,0.1,0.4942,0.3821,0.6931,0.3098,0.5448,2.424,0.4607,0.5025,0.4793,0.532,0.6349,0.8996,3.0483,0.8391,0.7987,0.7987,0.7987,0.8992,0.2288,0.7708,0.8563,0.7733,3.5284,0.9051,9.7994,0.8529,0,0,0,0,0,0,0,0,0,0,0,0,0,0,0,0,0,0,0,0,0,18515,1784,434,1759,558,437,183,1879,860,47,46,0,21,1140,402,133,122,13.6,3.1,6,1.9,1.5,0.6,6.4,2.9,0.2,0.2,0,0.1,3.9,1.3,0.5,0.4,0.284136623,0.001680532
128,42,Pennsylvania,PA,15229,ZCTA5 15229,4.045581003,15408,1018,6641,405,6255,410,1941,501,372,138,1276,278,340,166,818,409,2536,274,3290,515,1606,275,226,82,15,64,1785,1504,577,156,0,18,19,30,340,176,139,33,12.6,3.1,4.2,1.6,20.4,4.2,3.1,1.5,5.3,2.7,16.5,2,21.4,2.4,10.4,1.8,3.6,1.3,0.1,0.5,11.6,9.7,8.7,2.3,0,0.4,0.3,0.5,5.4,2.7,0.9,0.2,0.3296,0.4958,0.5211,0.1789,0.6144,2.1398,0.3521,0.2592,0.6365,0.2094,0.4978,0.4749,2.0778,0.3219,0.6867,0.6867,0.6867,0.8454,0,0.4312,0.5416,0.7049,2.5231,0.5871,7.4274,0.4607,0,0,0,0,0,0,0,0,0,0,0,0,0,0,0,0,0,0,0,0,0,13670,504,161,631,410,433,252,322,259,0,18,4,7,353,224,42,52,8.1,2.5,4.1,2.6,2.8,1.6,2.1,1.7,0,0.2,0,0.1,2.3,1.5,0.3,0.3,0.242731683,0.001115823
129,42,Pennsylvania,PA,15232,ZCTA5 15232,0.818143188,11942,914,6845,463,6340,440,2681,405,122,62,2476,341,108,66,307,162,1447,277,825,322,605,129,75,65,117,87,3844,1212,2898,401,0,18,55,55,1498,253,973,23,24.4,3.1,1.6,0.8,39.1,4.6,1.3,0.8,2.7,1.3,12.1,2.5,6.9,2.4,5.2,1.1,1.1,1,1,0.7,32.2,9.8,42.4,5.1,0,0.4,0.9,0.9,23.6,3.6,8.1,0.6,0.7418,0.2219,0.9428,0.0944,0.2983,2.2992,0.4117,0.112,0.0888,0.0541,0.2425,0.7871,1.2845,0.091,0.9084,0.9084,0.9084,0.99,0,0.5993,0.9445,0.9371,3.4709,0.8896,7.963,0.5588,0,0,1,0,0,1,0,0,0,0,0,0,1,1,1,0,0,1,1,3,5,12160,266,117,741,214,735,303,1793,365,17,19,0,18,550,147,8,12,4.2,1.8,6.2,1.7,6.2,2.4,15,2.8,0.1,0.2,0,0.3,4.6,1.2,0.1,0.1,0.094070855,0.000224855
130,42,Pennsylvania,PA,15233,ZCTA5 15233,1.306450635,2783,480,1756,169,1439,166,582,204,135,107,314,100,89,52,142,117,393,85,351,160,456,111,82,66,4,43,1549,554,296,75,20,32,0,15,389,108,87,27,21.3,6.5,7.7,5.8,21.8,6.5,4.2,2.6,5.2,4.1,14.1,3.8,12.6,4.6,16.7,4.9,5.7,4.5,0.1,1.6,55.7,17.4,16.9,3.9,1.1,1.8,0,1,27,8,3.1,0.8,0.6598,0.8186,0.5932,0.2325,0.6006,2.9047,0.6624,0.1638,0.1655,0.6177,0.7236,0.4749,2.1455,0.3507,0.9658,0.9658,0.9658,0.9463,0.3429,0,0.9567,0.8654,3.1113,0.7647,9.1273,0.7582,0,0,0,0,0,0,0,0,0,0,0,0,1,1,1,0,0,1,0,2,3,15420,266,94,1334,359,24,34,20,19,0,11,0,11,171,131,0,11,18.5,6.4,47.9,9,0.9,1.2,0.7,0.7,0,1.1,0,1.1,6.1,4.3,0,1.1,0.134785694,0.000502225
131,42,Pennsylvania,PA,15234,ZCTA5 15234,3.113044287,14249,800,6624,320,6142,324,1825,437,133,101,1338,271,671,247,572,261,2895,331,2497,446,1640,315,159,71,144,114,1963,1229,1030,244,0,18,59,51,554,191,149,7,12.9,3,1.6,1.2,21.8,4.3,6.2,2.3,4.1,1.8,20.3,2.6,17.5,2.4,11.6,1.9,2.6,1.1,1,0.8,13.8,8.6,15.5,3.6,0,0.5,0.9,0.8,9,3,1,0.1,0.3435,0.2219,0.5932,0.3738,0.4724,2.0048,0.3075,0.4898,0.3514,0.2773,0.3751,0.7871,2.2807,0.4168,0.7297,0.7297,0.7297,0.9335,0,0.5993,0.7553,0.717,3.0051,0.7309,8.0203,0.5666,0,0,0,0,0,0,0,0,0,0,0,0,0,0,1,0,0,0,0,1,1,9538,587,187,416,322,341,192,588,361,0,18,0,18,560,383,58,71,9.6,3,2.9,2.3,2.4,1.4,4.1,2.5,0,0.2,0,0.2,3.9,2.7,0.4,0.5,0.25885249,0.000852567
132,42,Pennsylvania,PA,15235,ZCTA5 15235,14.81312871,34383,1325,16825,652,15521,674,6961,1292,1215,293,4373,634,1222,472,1293,335,7837,638,6956,785,5778,622,1380,441,61,96,16824,1892,1892,438,49,52,136,79,1730,386,44,13,20.3,3.7,6.6,1.5,28.2,3.9,4.9,1.9,3.8,1,22.8,1.8,20.2,1.9,16.8,1.6,8.9,2.8,0.2,0.3,48.9,5.2,11.2,2.6,0.3,0.3,0.9,0.5,11.1,2.4,0.1,0,0.6255,0.7526,0.8263,0.2772,0.4315,2.9131,0.6663,0.6707,0.5455,0.6265,0.8896,0.5229,3.2552,0.9201,0.9526,0.9526,0.9526,0.8909,0.2648,0.5993,0.8185,0.5014,3.0749,0.7525,10.1958,0.8864,0,0,0,0,0,0,0,0,0,0,0,0,1,1,0,0,0,0,0,0,1,29529,2126,530,13965,1334,564,381,129,90,26,31,0,24,1713,532,427,373,13.7,3.2,40.6,3.5,1.6,1.1,0.4,0.3,0.1,0.1,0,0.1,5,1.6,1.2,1.1,0.46419933,0.004079979
133,42,Pennsylvania,PA,15236,ZCTA5 15236,10.71064863,31419,1133,14443,524,13619,521,4096,755,722,319,2888,386,1703,356,1236,411,6977,527,5653,521,4746,577,692,217,989,310,5440,1742,1840,331,175,109,230,99,1144,300,138,42,13.1,2.4,4.3,1.8,21.2,2.7,7.1,1.5,3.9,1.3,22.2,1.8,18,1.4,15.1,1.8,5.1,1.6,3.3,1,17.3,5.5,12.7,2.2,1.2,0.8,1.7,0.7,8.4,2.1,0.4,0.1,0.3507,0.5097,0.5588,0.4522,0.4448,2.3162,0.4206,0.6299,0.3828,0.5177,0.6704,0.9377,3.1385,0.874,0.7876,0.7876,0.7876,0.9114,0.3507,0.7708,0.7309,0.6156,3.3794,0.859,9.6217,0.8223,0,0,0,0,0,0,0,0,0,0,1,1,0,0,1,0,0,0,0,1,2,25932,1327,343,1161,425,548,288,3023,830,0,24,0,24,465,228,243,244,9.7,2.4,3.7,1.4,1.7,0.9,9.6,2.6,0,0.1,0,0.1,1.5,0.7,0.8,0.8,0.562295672,0.002935936
134,42,Pennsylvania,PA,15237,ZCTA5 15237,24.0504569,44149,1628,19331,647,18326,628,3202,700,870,298,3328,419,827,236,922,311,9985,704,9163,688,4734,760,436,136,391,221,4931,2331,3346,429,37,41,202,123,801,160,1137,95,7.4,1.6,3.8,1.3,18.2,2.2,2.6,0.7,2.1,0.7,22.6,1.5,20.8,1.1,10.9,1.6,2.4,0.7,0.9,0.5,11.2,5.3,17.3,2.1,0.2,0.2,1.1,0.7,4.4,0.9,2.6,0.2,0.154,0.4404,0.404,0.1513,0.2343,1.384,0.1292,0.6564,0.5913,0.2365,0.3507,0.7667,2.6016,0.5949,0.6762,0.6762,0.6762,0.9507,0.2443,0.6459,0.4612,0.8467,3.1488,0.7786,7.8106,0.5309,0,0,0,0,0,0,0,0,0,0,0,0,0,0,1,0,0,0,0,1,1,50455,1106,210,589,189,876,258,2675,587,0,24,0,24,721,233,70,71,6,1.1,1.3,0.4,2,0.6,6.1,1.3,0,0.1,0,0.1,1.6,0.5,0.2,0.2,0.650951583,0.006642772
135,42,Pennsylvania,PA,15238,ZCTA5 15238,15.78450884,12805,729,6013,352,5532,326,1098,340,150,64,938,208,188,97,277,117,3254,326,2802,303,1249,188,194,93,41,74,1644,1063,845,188,12,18,11,25,484,134,12,5,8.6,2.6,2.4,1,17,3.6,2,1,2.2,0.9,25.4,2.2,21.9,1.8,9.8,1.5,3.5,1.7,0.3,0.6,12.8,8.3,14.1,3,0.2,0.3,0.2,0.5,8.7,2.3,0.1,0,0.1867,0.2823,0.3413,0.1198,0.2464,1.1765,0.0919,0.7832,0.6779,0.1796,0.4856,0.5775,2.7038,0.6582,0.7077,0.7077,0.7077,0.9235,0.2443,0.4079,0.7425,0.5014,2.8196,0.6698,7.4076,0.4579,0,0,0,0,0,0,0,0,0,0,0,0,0,0,1,0,0,0,0,1,1,28788,442,133,142,88,177,90,915,264,4,8,0,18,368,144,38,44,8,2.3,1.1,0.7,1.4,0.7,7.1,2.1,0,0.1,0,0.2,2.9,1.1,0.3,0.3,0.480023916,0.004538521
139,42,Pennsylvania,PA,15260,ZCTA5 15260,0.087817742,0,11,0,11,0,11,0,11,0,11,0,22,0,11,0,11,0,11,0,11,0,11,0,15,0,44,0,15,0,15,0,11,0,15,0,11,0,11,-999,-999,-999,-999,-999,-999,-999,-999,-999,-999,-999,-999,-999,-999,-999,-999,-999,-999,-999,-999,-999,-999,-999,-999,-999,-999,-999,-999,-999,-999,-999,-999,-999,-999,-999,-999,-999,-999,-999,-999,-999,-999,-999,-999,-999,-999,-999,-999,-999,-999,-999,-999,-999,-999,-999,-999,-999,-999,-999,-999,-999,-999,-999,-999,-999,-999,-999,-999,-999,-999,-999,-999,-999,-999,-999,-999,-999,-999,-999,11841,0,11,0,11,0,11,0,11,0,11,0,11,0,11,0,11,-999,-999,-999,-999,-999,-999,-999,-999,-999,-999,-999,-999,-999,-999,-999,-999,0.034142981,2.50956E-05
141,42,Pennsylvania,PA,15282,ZCTA5 15282,0.133885502,5814,100,0,16,0,16,0,16,75,66,0,32,342,81,122,76,45,32,44,32,331,125,0,22,22,63,2098,260,0,22,0,16,0,22,0,16,5814,100,-999,-999,4.4,4,-999,-999,19.8,4.8,3.3,2,0.8,0.5,0.8,0.6,8.8,3.3,-999,-999,0.4,1.1,36.1,4.4,-999,-999,-999,-999,-999,-999,-999,-999,100,0,-999,0.5241,-999,0.9244,0.3702,-999,-999,0.0265,0.0513,0.1387,-999,0.6172,-999,-999,0.9255,0.9255,0.9255,-999,-999,-999,-999,0.9945,-999,-999,-999,-999,-999,0,-999,1,0,-999,0,0,0,-999,0,-999,1,1,-999,-999,-999,-999,1,-999,-999,16227,0,16,1355,169,250,155,192,79,17,16,0,16,277,103,7,12,-999,-999,23.3,2.9,4.3,2.7,3.3,1.4,0.3,0.3,0,0.5,4.8,1.7,0.1,0.2,0.031246091,3.57998E-05
142,42,Pennsylvania,PA,15290,ZCTA5 15290,0.039922175,0,11,0,11,0,11,0,11,0,11,0,22,0,11,0,11,0,11,0,11,0,11,0,15,0,44,0,15,0,15,0,11,0,15,0,11,0,11,-999,-999,-999,-999,-999,-999,-999,-999,-999,-999,-999,-999,-999,-999,-999,-999,-999,-999,-999,-999,-999,-999,-999,-999,-999,-999,-999,-999,-999,-999,-999,-999,-999,-999,-999,-999,-999,-999,-999,-999,-999,-999,-999,-999,-999,-999,-999,-999,-999,-999,-999,-999,-999,-999,-999,-999,-999,-999,-999,-999,-999,-999,-999,-999,-999,-999,-999,-999,-999,-999,-999,-999,-999,-999,-999,-999,-999,-999,-999,212,0,11,0,11,0,11,0,11,0,11,0,11,0,11,0,11,-999,-999,-999,-999,-999,-999,-999,-999,-999,-999,-999,-999,-999,-999,-999,-999,0.013139031,1.06448E-05