OBJECTID,FID,AREA,PERIMETER,WOODLAND_,WOODLAND_I,NATURE_COD,Shape_Leng,Acres,Shape_Length,Shape_Area
279,279,2489891.368,27085.1098,6060,0,0,27085.10961,57.16026848,0.085995429,2.45731E-05
395,395,801269.0671,5942.419245,6079,1269,310,5942.419119,18.39468001,0.01859977,7.90808E-06
452,452,1125876.369,9751.980248,8481,1427,310,9751.980347,25.84666841,0.031991217,1.11026E-05
557,557,53817.55111,1170.293441,6044,1262,310,1170.293391,1.235485845,0.003471035,5.3117E-07
567,567,57735.36133,1308.24366,8497,1853,310,1308.243666,1.325426772,0.004188151,5.6937E-07
605,605,39590.17383,1770.409959,8506,1852,310,1770.409864,0.908868815,0.006229395,3.90429E-07
624,624,9881.307174,527.9117599,8511,1374,310,527.9115943,0.226844457,0.001783879,9.74455E-08
662,662,636282.3262,4639.703601,8520,1421,310,4639.703564,14.60709045,0.014518623,6.27455E-06
672,672,1610818.1,14287.85228,8522,1366,310,14287.85221,36.97944285,0.046875376,1.58847E-05
693,693,36470.42969,1148.346325,8526,1854,310,1148.346291,0.83724942,0.003896023,3.59661E-07
697,697,4904.693567,415.6356991,8528,1765,310,415.6356087,0.112596691,0.001454738,4.83678E-08
708,708,52350.22086,2279.264011,9283,1382,310,2279.264041,1.201800293,0.006655821,5.16121E-07
713,713,23585.31814,910.6969311,9263,1798,310,910.6970214,0.541446465,0.0030933,2.32532E-07
717,717,108831.0535,3192.757867,9264,1379,310,3192.757969,2.498427029,0.010893398,1.07299E-06
719,719,23423.1958,915.5640674,9286,729,310,915.5640233,0.537724629,0.002746646,2.30928E-07
725,725,36869.75608,2201.155406,9267,727,310,2201.155421,0.84641642,0.006220291,3.63495E-07
737,737,493130.7354,4641.915782,9291,1484,310,4641.915751,11.32076984,0.015509092,4.86184E-06
738,738,90980.39184,1631.077534,9270,1791,310,1631.077499,2.088630611,0.005325849,8.96991E-07
742,742,14116.94018,543.732502,9271,730,310,543.7326194,0.324081647,0.001827554,1.3918E-07
756,756,154072.8695,2776.124584,9299,753,310,2776.124565,3.537040172,0.008112765,1.51896E-06
757,757,23576.37863,1020.940651,9300,1383,310,1020.940569,0.541241445,0.003077819,2.32442E-07
777,777,153896.6098,3061.502634,9309,1813,310,3061.502802,3.532994386,0.010340958,1.51726E-06
798,798,35761.95473,1720.643503,10825,10,310,1720.643522,0.82098501,0.005568645,3.5236E-07
810,810,4498797.735,27298.1277,10831,2421,310,27298.12776,103.2785969,0.085709426,4.43236E-05
860,860,18821838.05,64157.22107,10852,7,310,64157.2208,432.0916766,0.203511058,0.000185416
1301,1301,836256.5112,7038.493454,6909,1579,310,7038.493518,19.19788525,0.021860433,8.25095E-06
1360,1360,142926.8035,4572.791956,6916,1408,310,4572.791986,3.281161261,0.013529648,1.41023E-06
1421,1421,28537.55061,948.5145726,9209,1801,310,948.5145772,0.655134441,0.003226634,2.81362E-07
1455,1455,48782.04,1941.258247,9212,1799,310,1941.258372,1.119886293,0.006007731,4.80955E-07
1477,1477,634436.6852,7516.662745,9214,1372,310,7516.662784,14.56472006,0.023630831,6.25485E-06
1503,1503,111727.8753,2649.317913,9218,1468,310,2649.317808,2.564929596,0.008589452,1.10158E-06
1518,1518,142000.298,5414.802762,9220,1168,310,5414.802708,3.25989145,0.016672687,1.39998E-06
1555,1555,19074.8268,583.6602608,9223,1811,310,583.6602038,0.43789946,0.001918242,1.88065E-07
1608,1608,557168.7435,4443.476122,9229,1467,310,4443.476038,12.79088507,0.014319648,5.49334E-06
1643,1643,19509.13916,1073.867467,9232,1169,310,1073.867523,0.447870027,0.003788188,1.92342E-07
1654,1654,17741.17402,587.7444108,9234,1366,310,587.7444585,0.407282918,0.002004523,1.74919E-07
1670,1670,25901.10698,1624.684186,9236,1810,310,1624.684225,0.594609675,0.005764373,2.55366E-07
1674,1674,29181.81234,1248.527109,9237,0,0,1248.527181,0.669924761,0.00409839,2.87713E-07
1725,1725,19756.46285,755.3313814,9245,1378,310,755.3314153,0.453547802,0.002623399,1.94787E-07
1733,1733,969929.2411,8632.192314,9246,1794,310,8632.192095,22.26660014,0.027794288,9.56255E-06
1745,1745,30912.98794,2139.858347,9248,1380,310,2139.858389,0.709667543,0.006747896,3.0478E-07
1749,1749,416262.812,8024.201908,9249,1325,310,8024.20196,9.556117496,0.027710729,4.10388E-06
1805,1805,536454.5983,4609.937829,6867,1401,310,4609.93764,12.3153522,0.015164584,5.29327E-06
1814,1814,15981.99609,836.6837678,6868,1641,310,836.6836554,0.366897634,0.002859959,1.57693E-07
1815,1815,118716.8148,1994.712493,10093,1559,310,1994.712519,2.725373885,0.006221568,1.17008E-06
1825,1825,215185.1836,2443.660766,6870,1407,310,2443.660793,4.939991908,0.007487516,2.12326E-06
1852,1852,2279561.594,14261.13701,6875,1569,310,14261.13702,52.33174363,0.044703078,2.24917E-05
1864,1864,48956.07616,1058.860824,6877,6083,0,1058.860851,1.123881396,0.003150702,4.83061E-07
1927,1927,532607.8449,6815.669595,10113,1757,310,6815.669577,12.22704271,0.021505157,5.24924E-06
2236,2236,58575.54516,2212.764451,10122,0,0,2212.764401,1.344715076,0.006478209,5.77313E-07
2248,2248,27074.02384,1018.707016,10640,1656,310,1018.707014,0.621536473,0.002902288,2.66777E-07
2257,2257,10317801.48,51287.23775,10642,1,310,51287.23767,236.8650754,0.16300725,0.000101656
2273,2273,72204.96178,2208.328441,10124,853,310,2208.32844,1.657604454,0.00652298,7.11639E-07
2318,2318,33804.67907,2124.736384,10129,1760,310,2124.736289,0.776051738,0.006225472,3.33172E-07
2339,2339,1043899.211,11131.99068,10651,1018,310,11131.99074,23.96472478,0.038197244,1.0286E-05
2397,2397,34508.78323,1338.629535,10657,1660,310,1338.62942,0.792215669,0.004672895,3.40037E-07
2419,2419,136093.0713,2314.129223,10659,987,310,2314.12924,3.124279645,0.007578139,1.34099E-06
2438,2438,63579.94694,1660.439218,10141,860,310,1660.439212,1.459600391,0.005422975,6.26632E-07
2460,2460,75277.72515,2470.172202,10351,1595,310,2470.172442,1.728145402,0.00762181,7.41856E-07
2680,2680,191900.577,2352.635203,10377,1260,310,2352.635093,4.405448563,0.007496271,1.89117E-06
2687,2687,493382.0181,4281.897224,10378,1775,310,4281.897252,11.32653826,0.012861483,4.8621E-06
2694,2694,1658820.579,8635.47246,10379,912,310,8635.472469,38.08143339,0.028152131,1.6347E-05
2729,2729,46423.48958,2622.24685,10385,1780,310,2622.246974,1.065741095,0.007607498,4.57487E-07
2786,2786,42408.60436,1023.014626,10395,0,0,1023.014706,0.973571502,0.003366701,4.17926E-07
2814,2814,38455.28957,1347.21962,10399,920,310,1347.219578,0.882815383,0.004640673,3.78968E-07
2851,2851,27.906361,29.95588915,10612,0,0,29.9559739,0.000640653,8.7558E-05,2.74986E-10
2962,2962,347243.5066,5283.416596,10629,1659,310,5283.416625,7.971645867,0.017969188,3.42162E-06
6075,6075,167164.153,1676.050112,6434,947,310,1676.05007,3.837576243,0.005245345,1.64965E-06
6087,6087,3993504.891,29516.84371,6437,1159,310,29516.84407,91.67862492,0.091248544,3.94063E-05
6113,6113,115910,3167.344279,6443,955,310,3167.344119,2.66093807,0.010744383,1.14385E-06
6115,6115,646828.2388,9475.761335,5727,73,310,9475.761377,14.84919311,0.030217785,6.38458E-06
6116,6116,641086.6307,5935.146146,5892,1139,310,5935.146089,14.71738294,0.018789082,6.32758E-06
6141,6141,291982.0321,3706.907957,6450,933,310,3706.907875,6.70301248,0.011308821,2.88133E-06
6147,6147,46476,1028.435968,6452,954,310,1028.435903,1.0669464,0.003579651,4.58646E-07
6201,6201,213243.6224,6029.901133,6466,0,0,6029.901013,4.895419717,0.019463904,2.10435E-06
6212,6212,46684.92238,777.378765,6469,932,310,777.378746,1.07174258,0.002516505,4.60702E-07
6221,6221,599782.0436,6985.858343,5915,1261,310,6985.858173,13.76915617,0.022412194,5.92002E-06
6239,6239,256648.7633,2417.925421,5863,1271,310,2417.925519,5.891868201,0.00803494,2.53325E-06
6245,6245,3224664.065,26458.22415,6477,1388,310,26458.22397,74.02839487,0.083130217,3.18196E-05
6278,6278,925116.2477,11392.78726,6484,943,310,11392.78695,21.23783233,0.035492099,9.12884E-06
6284,6284,993114.9652,10452.56961,6486,934,310,10452.56953,22.79887438,0.033789441,9.79994E-06
6287,6287,23150.87708,772.544046,6487,963,310,772.5440371,0.531473134,0.002473622,2.2846E-07
6335,6335,119466.7136,3224.014952,5984,1140,310,3224.0149,2.742588913,0.009624656,1.17913E-06
6353,6353,140116.5722,2964.663457,5988,0,0,2964.663528,3.216646422,0.009700895,1.38295E-06
6366,6366,729807.8654,8546.329705,6504,1392,310,8546.329744,16.75414989,0.024825343,7.20169E-06
6385,6385,400164.2031,5556.049055,6508,1673,310,5556.048932,9.18654229,0.01791238,3.94874E-06
6396,6396,877982.4531,9266.686353,6235,937,310,9266.686309,20.15578355,0.028301333,8.66462E-06
6507,6507,112603.1479,6680.698112,6346,1396,310,6680.698019,2.585022267,0.023693983,1.11128E-06
6513,6513,19534.58594,881.7852807,6248,1678,310,881.7852102,0.448454417,0.002778689,1.92788E-07
6518,6518,69108.50977,2200.729332,6524,1687,310,2200.72925,1.586519597,0.0069217,6.81962E-07
6520,6520,555541.7266,5083.054329,6347,0,0,5083.054205,12.75353389,0.015925176,5.48236E-06
6552,6552,3356120.452,26615.27089,6529,945,310,26615.27127,77.04623343,0.08572031,3.31158E-05
6557,6557,1602735.692,14907.95072,6024,1143,310,14907.95096,36.7938957,0.048062457,1.58181E-05
6569,6569,158154.5,1630.208983,6254,949,310,1630.209018,3.630742322,0.005117707,1.56084E-06
6593,6593,81886.13439,1630.934116,6163,1270,310,1630.934108,1.879854323,0.004822474,8.08165E-07
6639,6639,348158.5456,10628.61271,6360,1389,310,10628.61283,7.992652894,0.037494574,3.43593E-06
6678,6678,25457.17291,918.5707151,6175,1146,310,918.5706304,0.584418602,0.00310957,2.51245E-07
6712,6712,255347.3437,4269.897352,6107,0,0,4269.897258,5.861991966,0.013381416,2.52012E-06
6719,6719,49947.17424,1543.158979,6181,1151,310,1543.158809,1.146633941,0.00486703,4.92942E-07
6723,6723,2625780.897,16833.98625,6273,935,310,16833.98636,60.27987667,0.054524243,2.59123E-05
6766,6766,12501.85664,657.3489446,6278,1043,310,657.3488643,0.287004339,0.002258442,1.23386E-07
6769,6769,408458,3820.556904,6377,950,310,3820.556836,9.376943105,0.011754505,4.03091E-06
6778,6778,708166.9693,7257.218009,6121,964,310,7257.217874,16.25734209,0.023177964,6.98914E-06
6813,6813,118921.3891,3865.096458,6383,1397,310,3865.09649,2.730070111,0.013517786,1.17363E-06
6820,6820,416202.0566,5384.615536,6196,1681,310,5384.615265,9.554722589,0.017331169,4.10754E-06
6827,6827,129585.7747,2317.043364,6132,1138,310,2317.043559,2.974892265,0.007553896,1.27894E-06
6843,6843,61179,1715.492133,6389,953,310,1715.49196,1.40448198,0.005775947,6.03756E-07
6853,6853,2010709.661,13114.26402,6391,1393,310,13114.26402,46.15972697,0.043844147,1.98428E-05
6863,6863,63718.63086,1852.898602,6297,1682,310,1852.898713,1.46278428,0.005956066,6.28829E-07
6876,6876,37767.14258,874.335247,6300,1676,310,874.3353273,0.867017782,0.002812434,3.7272E-07
6881,6881,134182.5788,2166.443723,6209,938,310,2166.443852,3.080420602,0.006779231,1.32427E-06
6890,6890,357006.5,2805.512904,6304,951,310,2805.512806,8.195774112,0.008755318,3.52325E-06
6891,6891,69803.4116,2187.819881,6401,0,0,2187.819861,1.602472729,0.007514449,6.88877E-07
6914,6914,316250.6566,4201.662209,6309,1684,310,4201.662302,7.260144732,0.012932329,3.12098E-06
6938,6938,17613.24219,620.3857972,6414,1677,310,620.385699,0.404346059,0.002015089,1.73816E-07
6949,6949,92084.22266,1334.590926,6417,1686,310,1334.590913,2.113971426,0.004296839,9.08726E-07
6995,6995,502330.7123,9196.447875,6431,930,310,9196.447806,11.53197281,0.029387749,4.95708E-06
6996,6996,9754.554552,542.1032469,6331,2535,310,542.1031113,0.22393447,0.001578541,9.62694E-08
7000,7000,122222.949,2939.399864,6333,2537,310,2939.399882,2.805864541,0.010380902,1.20624E-06
7003,7003,393272.0399,6605.734188,7488,1503,310,6605.734133,9.028319375,0.022619981,3.87963E-06
7008,7008,58385.60939,1651.176342,7491,1559,310,1651.176277,1.340354488,0.005190778,5.75957E-07
7010,7010,41057.29305,1425.142824,7492,2431,310,1425.142835,0.942549587,0.004144907,4.05035E-07
7013,7013,2230919.436,10161.97899,7493,1218,310,10161.97886,51.2150677,0.03163501,2.20079E-05
7024,7024,74564.81709,3307.68947,6836,1638,310,3307.68952,1.711779533,0.009883075,7.35718E-07
7034,7034,119145.1314,2004.33819,6993,888,310,2004.338185,2.735207133,0.006624607,1.17554E-06
7037,7037,48055.69649,1301.121233,7500,1823,310,1301.121159,1.103211549,0.004267892,4.74063E-07
7041,7041,29761.83386,1118.370626,7394,1431,310,1118.370564,0.683240338,0.003585656,2.93616E-07
7045,7045,17262.10483,693.5814725,6995,0,0,693.5814194,0.396284749,0.002024305,1.70316E-07
7046,7046,49268.00831,1497.909416,7502,764,310,1497.909327,1.131042551,0.004420361,4.86019E-07
7051,7051,955705.8762,9175.367759,6842,1531,310,9175.368106,21.94007535,0.027637731,9.42972E-06
7052,7052,113029.2151,1622.149848,7503,1325,310,1622.149883,2.594804143,0.005641394,1.11499E-06
7053,7053,29867.95216,1246.447049,7288,836,310,1246.447112,0.68567649,0.003606851,2.94663E-07
7067,7067,13085.78914,571.0905172,7291,1340,310,571.0906065,0.30040958,0.001794299,1.29101E-07
7086,7086,93774.6297,2464.940609,7508,0,0,2464.940743,2.152777965,0.007921413,9.25093E-07
7091,7091,33262.57065,1346.080375,7001,1592,310,1346.080265,0.763606574,0.004378029,3.28181E-07
7094,7094,15890.4577,751.1844077,6849,0,0,751.18452,0.364796256,0.002604118,1.56792E-07
7096,7096,102083.8438,2048.265271,6743,1534,310,2048.265264,2.343532107,0.006411696,1.00732E-06
7097,7097,122085.4202,4130.572066,7297,1590,310,4130.571914,2.8027062,0.012918073,1.20439E-06
7100,7100,76094.49083,1195.847669,7511,1565,310,1195.847621,1.746896128,0.003882262,7.50645E-07
7103,7103,93785.1464,2188.635702,7298,1530,310,2188.635736,2.153019853,0.006569566,9.25231E-07
7105,7105,4646000.69,18122.44012,7405,1225,310,18122.44006,106.6579261,0.05822751,4.58288E-05
7108,7108,353777.6149,4725.312188,6745,1404,310,4725.312202,8.121648904,0.013189909,3.4908E-06
7110,7110,388657.3396,4977.503462,7004,1409,310,4977.503393,8.922380029,0.013945888,3.83461E-06
7112,7112,31446.51533,1025.301687,7513,762,310,1025.301658,0.721915372,0.002959088,3.10213E-07
7121,7121,122741.1842,2712.758601,7301,1517,310,2712.758612,2.817761165,0.008242965,1.21089E-06
7124,7124,52029.44507,927.0757412,7515,1232,310,927.0757214,1.194436365,0.00290394,5.1325E-07
7127,7127,26248.60319,1169.572378,7302,2419,310,1169.572424,0.602587269,0.003542019,2.58962E-07
7128,7128,47159.18081,1430.552596,7516,1230,310,1430.552623,1.082630039,0.004461511,4.65204E-07
7131,7131,654228.6681,5685.756583,6855,0,0,5685.756539,15.01908383,0.018045722,6.45515E-06
7137,7137,48630.15961,1505.22258,7517,1562,310,1505.222648,1.116399379,0.004960437,4.79717E-07
7145,7145,195406.6952,3779.155413,7306,1428,310,3779.155341,4.485938707,0.011293181,1.92779E-06
7151,7151,30595.49,1182.947065,7307,1345,310,1182.94705,0.702378573,0.004079708,3.01847E-07
7152,7152,318941.1375,5025.141625,7011,1399,310,5025.141505,7.32191058,0.016299722,3.14685E-06
7155,7155,197360.9705,2935.899729,7520,1577,310,2935.899641,4.530802569,0.008882015,1.94686E-06
7158,7158,1428781.55,11749.38624,6858,2412,310,11749.38616,32.80044256,0.038353204,1.40979E-05
7196,7196,20734.46923,1597.048127,7418,1514,310,1597.048173,0.476000101,0.005345942,2.04549E-07
7199,7199,95215.29077,2358.039942,6864,1633,310,2358.04003,2.185851009,0.00730455,9.39474E-07
7205,7205,38030.78374,947.8265041,7316,1518,310,947.8264325,0.873070212,0.003197498,3.75193E-07
7210,7210,57412.82987,997.241083,7529,1564,310,997.2410833,1.31802249,0.003243285,5.66354E-07
7216,7216,70408.23431,1251.369341,7022,0,0,1251.3691,1.616357055,0.003907903,6.94674E-07
7218,7218,14272.82766,638.0278348,7530,0,0,638.0278123,0.327660276,0.001954021,1.40802E-07
7229,7229,83271.74135,1946.718837,7532,1573,310,1946.718751,1.911663581,0.00600277,8.21438E-07
7234,7234,23817.39771,1359.119263,7533,1441,310,1359.11938,0.546774477,0.004161608,2.34958E-07
7241,7241,104503.6637,2930.290905,6922,876,310,2930.291102,2.399083626,0.009273796,1.0311E-06
7243,7243,185781.1621,4276.247862,7324,1427,310,4276.247862,4.264965953,0.012989284,1.83282E-06
7249,7249,148472.6991,2731.668176,7425,1516,310,2731.668315,3.408478119,0.008475393,1.46469E-06
7256,7256,35632.68359,1296.875305,6774,1643,310,1296.875368,0.818017179,0.003944865,3.51593E-07
7261,7261,73673.48469,2102.23626,6775,1545,310,2102.236235,1.691317377,0.005911199,7.26964E-07
7263,7263,66287.19373,1991.329074,7329,1415,310,1991.329116,1.521750775,0.006538404,6.53967E-07
7266,7266,295314.4716,3864.701758,7030,850,310,3864.701736,6.779514916,0.012087939,2.91363E-06
7268,7268,81429.6218,1442.469699,7330,1586,310,1442.469673,1.869374076,0.004924322,8.03324E-07
7274,7274,384092.5008,7144.925967,7331,825,310,7144.925997,8.817586001,0.023433444,3.7891E-06
7279,7279,161411.5874,3102.377406,7540,0,0,3102.377383,3.705515027,0.010736385,1.59227E-06
7282,7282,165946.6494,3076.415799,7033,1541,310,3076.415905,3.809625954,0.010660675,1.63732E-06
7289,7289,46587.68986,1968.520321,7334,1419,310,1968.520363,1.069510442,0.005979856,4.59614E-07
7291,7291,310658.8672,4293.863855,6781,896,310,4293.863764,7.131774802,0.013887393,3.06533E-06
7292,7292,136287.3601,5611.647155,7542,1410,310,5611.64704,3.128740028,0.017622352,1.34437E-06
7293,7293,7069.10111,470.446472,7335,0,0,470.4465034,0.162284862,0.001358729,6.97414E-08
7295,7295,1682373.543,14555.14044,6929,1567,310,14555.14036,38.62213725,0.045844003,1.65983E-05
7299,7299,197420.8845,3944.279299,7543,1563,310,3944.279189,4.532177698,0.012396264,1.94744E-06
7301,7301,644909.0405,4787.588497,6930,1568,310,4787.588632,14.80513378,0.015343411,6.36302E-06
7303,7303,972028.5789,5576.303538,6783,2416,310,5576.303548,22.31479508,0.017072116,9.59128E-06
7304,7304,46081.61868,2502.800708,7337,1438,310,2502.800919,1.057892776,0.007954938,4.54624E-07
7313,7313,583798.6067,9893.907008,7339,2420,310,9893.907135,13.40222612,0.033229989,5.75943E-06
7318,7318,36545.78125,1438.361505,6932,1639,310,1438.361448,0.838978923,0.004453531,3.60583E-07
7336,7336,12681.84747,494.1834823,7043,834,310,494.1834866,0.291136237,0.001650669,1.25124E-07
7338,7338,23870.5,1015.958708,6790,898,310,1015.958694,0.547993418,0.003130931,2.35536E-07
7351,7351,33853.09179,1423.545186,7551,2436,310,1423.545179,0.777163089,0.004748546,3.3396E-07
7355,7355,25149.91382,665.5512012,7046,1533,310,665.5512919,0.57736492,0.002266594,2.48143E-07
7357,7357,31975.78367,973.7612454,6794,1334,310,973.7613033,0.734065539,0.003334695,3.15521E-07
7359,7359,8871.905906,463.055052,7047,1529,310,463.0550936,0.2036718,0.001388119,8.75345E-08
7371,7371,28862.81608,825.7338768,7555,2434,310,825.7337826,0.662601711,0.002711149,2.84731E-07
7381,7381,35971.22765,1649.349119,7051,0,0,1649.349086,0.825788909,0.005624876,3.54914E-07
7383,7383,226189.508,3529.32269,7444,1583,310,3529.322703,5.192617229,0.012059663,2.23133E-06
7392,7392,316813.3161,5735.52167,7353,0,0,5735.521646,7.273061324,0.017719574,3.12538E-06
7394,7394,51288.95553,3032.599023,6802,1539,310,3032.599065,1.177437107,0.009137534,5.0608E-07
7398,7398,20611.64173,888.647206,7354,839,310,888.6471179,0.473179988,0.002910165,2.03341E-07
7405,7405,59495.22759,2809.331907,7056,0,0,2809.331527,1.365827765,0.009484162,5.86991E-07
7409,7409,7719.793557,643.0266627,7562,1561,310,643.0267346,0.177222808,0.002058415,7.61522E-08
7414,7414,203590.5269,5271.607343,7563,1499,310,5271.607353,4.673814005,0.017862606,2.00837E-06
7421,7421,22216.16553,972.6601196,7359,2421,310,972.6601115,0.51001502,0.003058112,2.19176E-07
7424,7424,22744.32798,905.4030607,6944,895,310,905.403134,0.522140083,0.002688689,2.2441E-07
7430,7430,131416.9065,3449.419871,7361,0,0,3449.419855,3.0169288,0.010726779,1.29644E-06
7435,7435,457213.3238,6585.150966,7062,1532,310,6585.151006,10.49621498,0.020301954,4.51089E-06
7448,7448,91343.17329,2900.658709,6813,1540,310,2900.658761,2.096959434,0.008398914,9.01295E-07
7453,7453,958598.7165,6500.553805,7453,2413,310,6500.55366,22.00648611,0.019639873,9.45666E-06
7459,7459,338019.3168,5586.751414,7366,842,310,5586.751355,7.759887443,0.016865185,3.33462E-06
7469,7469,145698.8072,3717.837032,7368,1587,310,3717.836875,3.344797404,0.01235971,1.43733E-06
7471,7471,15.8531505,26.21304556,7455,1513,310,26.21311327,0.000363942,9.27215E-05,1.56378E-10
7472,7472,505734.0703,7725.113675,7456,1817,310,7725.113593,11.61010304,0.023316791,4.98896E-06
7475,7475,236709.9632,2863.592152,7572,1571,310,2863.592005,5.434134485,0.009134049,2.33498E-06
7478,7478,45613.62187,2124.727181,7370,1519,310,2124.727308,1.047148937,0.00656483,4.49987E-07
7490,7490,42837.10386,1791.133189,7372,1417,310,1791.133289,0.983408906,0.005969332,4.2261E-07
7492,7492,102744.5272,2762.38028,7575,1442,310,2762.380222,2.358699135,0.008212017,1.01355E-06
7496,7496,54223.44741,1482.846379,7070,0,0,1482.8465,1.244803992,0.005070747,5.35001E-07
7498,7498,392867.4117,4409.785325,6822,893,310,4409.785384,9.019031041,0.013419775,3.87638E-06
7501,7501,27571.98828,1002.955584,6823,1642,310,1002.955592,0.632968343,0.003070561,2.72053E-07
7502,7502,61447.43785,1396.41338,7577,770,310,1396.413371,1.410644697,0.004101758,6.0615E-07
7506,7506,98303.60063,3501.597276,7578,0,0,3501.597419,2.256748945,0.010751111,9.69746E-07
7507,7507,18830.29854,837.7195319,7462,1560,310,837.7195207,0.432285891,0.002942827,1.85759E-07
7508,7508,129816.1727,3271.813552,7375,829,310,3271.813767,2.980181235,0.010309586,1.28066E-06
7512,7512,62199.21496,1833.860108,6825,1406,310,1833.860161,1.427903266,0.006166425,6.13744E-07
7514,7514,34505.1166,730.0035076,7464,1233,310,730.0035629,0.792131819,0.002388404,3.40387E-07
7519,7519,33993.66096,1175.308154,7086,838,310,1175.308356,0.780390196,0.003760342,3.3539E-07
7520,7520,44241.07227,1651.38094,6827,1640,310,1651.380918,1.015639393,0.005428451,4.36527E-07
7522,7522,261039.6746,2959.876214,7465,1566,310,2959.876208,5.992670493,0.009892253,2.5751E-06
7523,7523,1148537.898,10377.73179,7580,1412,310,10377.73187,26.36690696,0.033470381,1.13292E-05
7530,7530,109954.6265,3033.8593,7075,0,0,3033.859232,2.52422124,0.009485624,1.08483E-06
7546,7546,119874.9437,2398.745604,7468,1826,310,2398.745712,2.75196112,0.007924122,1.18256E-06
7547,7547,154403.5549,1616.640527,6961,2419,310,1616.640508,3.544631903,0.00520419,1.52349E-06
7559,7559,198547.1644,2435.217132,6963,0,0,2435.217165,4.558034051,0.007839749,1.95901E-06
7562,7562,130625.5782,2780.905152,7471,769,310,2780.905145,2.9987627,0.008869708,1.2886E-06
7568,7568,20729.1665,1190.794571,6965,1637,310,1190.794693,0.475878077,0.003598718,2.04524E-07
7572,7572,216994.218,3224.498327,6967,0,0,3224.498308,4.981521703,0.010678666,2.14096E-06
7579,7579,38840.05258,869.3484425,7085,813,310,869.3484973,0.891648616,0.002740048,3.83204E-07
7581,7581,393034.2881,5299.482644,7476,767,310,5299.482599,9.022862312,0.016798136,3.87718E-06
7584,7584,35036.97102,2011.898772,7186,1420,310,2011.898773,0.804341262,0.005679577,3.45677E-07
7586,7586,733822.6396,5604.93099,6971,2418,310,5604.930889,16.84631722,0.017570206,7.24041E-06
7589,7589,89367.40308,5245.452418,6972,0,0,5245.452479,2.051601286,0.015788225,8.81741E-07
7596,7596,447320.0104,4633.80131,6973,901,310,4633.801257,10.26909508,0.013782756,4.41341E-06
7598,7598,132423.1347,2002.320526,7480,0,0,2002.3205,3.04002904,0.005916417,1.30632E-06
7614,7614,57072.78391,2470.185347,6639,1390,310,2470.185439,1.310215749,0.007762763,5.63191E-07
7618,7618,41251.08826,967.0431982,7483,1825,310,967.0432967,0.946998593,0.003147958,4.0694E-07
7622,7622,152892.1124,5588.707693,7098,1410,310,5588.707616,3.509933733,0.017692737,1.50849E-06
7625,7625,130009.6962,3320.762624,7485,1578,310,3320.762543,2.984623408,0.010950259,1.2825E-06
7632,7632,87166.70483,2421.542381,7100,1535,310,2421.542439,2.001080528,0.007642,8.60002E-07
7635,7635,124682.4748,3201.963953,7195,1520,310,3201.963722,2.862327152,0.0099883,1.23009E-06
7654,7654,52.52699637,45.77205199,6980,1597,310,45.77210578,0.001205863,0.000161699,5.18276E-10
7658,7658,127527.4981,1856.726205,6981,2415,310,1856.726339,2.927640495,0.006060112,1.25829E-06
7671,7671,54270.6999,1616.351031,7203,1521,310,1616.351013,1.245888965,0.005315014,5.35428E-07
7677,7677,38640.10785,1358.686623,7110,0,0,1358.686643,0.887058297,0.004160132,3.81228E-07
7678,7678,116738.58,1305.160393,6984,902,310,1305.160428,2.679959805,0.00418517,1.1518E-06
7682,7682,41314.28253,1402.58702,7111,1548,310,1402.587022,0.948449172,0.004505884,4.0762E-07
7683,7683,16378.33583,716.077257,6652,1601,310,716.0773564,0.375996461,0.002428234,1.61621E-07
7686,7686,352679.3421,4492.598712,6553,1283,310,4492.598763,8.096436833,0.013837597,3.48029E-06
7690,7690,42255.125,1345.507631,6654,1646,310,1345.507715,0.970048124,0.004030375,4.16957E-07
7699,7699,64327.1877,1510.703807,7209,831,310,1510.703804,1.476754905,0.00501422,6.34645E-07
7718,7718,358761.3091,6744.198508,6561,1284,310,6744.19841,8.236059037,0.02087816,3.54025E-06
7721,7721,296664.1812,4342.081751,7214,830,310,4342.081739,6.810499402,0.014174134,2.9268E-06
7722,7722,219718.4007,5067.515075,7121,1546,310,5067.515135,5.044060544,0.017029349,2.16781E-06
7724,7724,29802.82005,1044.026105,7215,1421,310,1044.02611,0.684181223,0.003325091,2.94038E-07
7727,7727,32536.59513,2004.809011,6563,2536,310,2004.809019,0.746940525,0.007162475,3.21084E-07
7730,7730,1773409.59,9688.26086,6664,1564,310,9688.261058,40.71204575,0.031390624,1.74988E-05
7732,7732,67874.66265,1110.429624,6565,1598,310,1110.429617,1.558193916,0.003712206,6.69798E-07
7736,7736,123171.8749,2164.019211,6566,0,0,2164.019099,2.827648342,0.007081851,1.21548E-06
7744,7744,35712.48948,1534.960467,7125,837,310,1534.96037,0.819849103,0.004906633,3.52342E-07
7755,7755,43541.45788,1591.761268,7223,1527,310,1591.761327,0.999578215,0.005239066,4.29574E-07
7756,7756,275227.1448,5016.685393,7128,1549,310,5016.68536,6.318371018,0.016168606,2.71543E-06
7757,7757,223118.0094,3966.295953,6671,1290,310,3966.295937,5.122105246,0.011490671,2.20163E-06
7758,7758,77490.70112,1482.229514,7224,1423,310,1482.229423,1.778948534,0.004739035,7.64526E-07
7759,7759,30452.20593,1467.671867,7129,0,0,1467.671832,0.699089405,0.00422289,3.00441E-07
7787,7787,26391.42222,954.8901005,7135,2405,310,954.8901875,0.605866173,0.00279003,2.60387E-07
7790,7790,40930.1324,1612.642855,6679,879,310,1612.642997,0.939630485,0.005030103,4.03879E-07
7794,7794,68835.23993,1961.300192,7233,1424,310,1961.300124,1.580246099,0.005657052,6.79123E-07
7796,7796,48494.4308,1024.167658,7138,2406,310,1024.167684,1.113283359,0.003103344,4.78464E-07
7798,7798,2999561.066,17162.45034,6582,929,310,17162.45039,68.86072265,0.055002398,2.95979E-05
7811,7811,71999.02412,1027.449085,6684,1536,310,1027.449001,1.652876655,0.003410111,7.10475E-07
7814,7814,442682.11,3931.220269,6586,1603,310,3931.220256,10.16262378,0.012381701,4.36836E-06
7818,7818,28877.25195,1517.22908,6587,0,0,1517.229194,0.662933086,0.004738368,2.84955E-07
7824,7824,29636.65344,1720.858101,7145,1422,310,1720.858176,0.680366794,0.00566048,2.92404E-07
7826,7826,1222802.045,8453.779935,6589,946,310,8453.779998,28.07178496,0.026027844,1.2066E-05
7830,7830,45992.75585,1435.065321,7146,1522,310,1435.065338,1.055853003,0.004253637,4.53764E-07
7834,7834,356638.648,6432.709904,7243,827,310,6432.709706,8.18732952,0.021100686,3.51844E-06
7841,7841,239001.0636,3396.50706,7149,0,0,3396.506973,5.486731502,0.011035962,2.35799E-06
7861,7861,205120.1105,4902.156484,7154,1536,310,4902.156472,4.70892854,0.015357676,2.02367E-06
7863,7863,81305.19003,4640.58839,6698,2540,310,4640.588348,1.86651785,0.016507837,8.02312E-07
7864,7864,124360.0202,1867.169226,7155,1547,310,1867.169247,2.854924539,0.006076803,1.22696E-06
7872,7872,176670.6893,2829.65198,7252,1338,310,2829.651922,4.055817235,0.00816853,1.74298E-06
7881,7881,87473.74574,3654.530562,6603,1289,310,3654.530537,2.008129216,0.013027281,8.63212E-07
7882,7882,33680.92578,1408.395795,6702,0,0,1408.395959,0.773210901,0.004197317,3.32344E-07
7884,7884,79746.64592,1906.999868,7255,0,0,1906.999849,1.83073835,0.006184051,7.86776E-07
7891,7891,123628.6747,2351.263808,7162,814,310,2351.263743,2.83813523,0.007705677,1.2197E-06
7893,7893,16077.91681,758.7189622,7257,1339,310,758.7190071,0.369099769,0.00239665,1.58623E-07
7895,7895,7286.43107,351.7271053,7258,1551,310,351.7270929,0.167274131,0.001185829,7.18871E-08
7902,7902,921503.4359,20369.84958,7259,1330,310,20369.84964,21.15489362,0.065194857,9.09017E-06
7906,7906,30063.93018,1141.816243,7260,828,310,1141.816317,0.690175564,0.003709587,2.96601E-07
7910,7910,97461.77837,2366.280593,7261,816,310,2366.280548,2.23742381,0.007376694,9.61509E-07
7916,7916,480438.871,8676.728778,7168,845,310,8676.728766,11.02940271,0.028039516,4.73977E-06
7917,7917,41742.66451,1173.15513,7263,847,310,1173.155163,0.95828339,0.003926248,4.11818E-07
7924,7924,33380.91982,2053.48587,6713,1535,310,2053.485878,0.76632374,0.006503071,3.29388E-07
7937,7937,730642.0545,11301.02909,6617,0,0,11301.02916,16.7733002,0.033835131,7.20974E-06
7942,7942,121576.4072,2695.192379,7270,1425,310,2695.192383,2.791021426,0.009085095,1.19945E-06
7950,7950,38061.638,1896.234424,6720,1538,310,1896.234308,0.873778483,0.005881401,3.75577E-07
7954,7954,312949.5503,3111.312893,6620,1287,310,3111.31298,7.184361447,0.00885847,3.08817E-06
7957,7957,386039.1922,6649.068405,7178,817,310,6649.068544,8.862275213,0.021125458,3.80855E-06
7958,7958,343408.528,6904.561262,6621,880,310,6904.561231,7.883606673,0.021570202,3.38859E-06
7963,7963,112965.8971,2320.46002,7275,815,310,2320.460096,2.593350506,0.007598754,1.11446E-06
7966,7966,147352.5004,2538.529812,7276,1533,310,2538.529867,3.382761549,0.007628481,1.45371E-06
7968,7968,20964.23517,1856.138152,6725,1537,310,1856.138235,0.48127483,0.005474712,2.06866E-07
7978,7978,39175.32808,1007.768209,7279,1550,310,1007.768144,0.899345313,0.003127935,3.86495E-07
7983,7983,37838.46214,1058.047025,7184,1341,310,1058.047076,0.868655057,0.003453184,3.73319E-07
7985,7985,118462.9242,2669.866149,7281,1515,310,2669.866131,2.719546335,0.007542158,1.16869E-06
7986,7986,87052.48196,1564.282181,6628,1600,310,1564.282163,1.998457892,0.005377546,8.59034E-07
7987,7987,32222.05576,1239.199368,7185,835,310,1239.19947,0.739719865,0.004011751,3.17899E-07
7990,7990,32881.07896,2039.845232,6732,1330,310,2039.845279,0.754848911,0.006796226,3.24458E-07
7998,7998,58424.5375,2065.555103,7285,1418,310,2065.555066,1.341248351,0.006683817,5.76406E-07
8000,8000,7332835.485,31375.56792,6633,1288,310,31375.56783,168.3394112,0.102594947,7.23576E-05
8001,8001,86186.792,2035.192196,8286,1750,310,2035.192119,1.978584814,0.006297183,8.49983E-07
8002,8002,763.4898565,115.8913984,7886,1517,310,115.8915025,0.017527419,0.000368544,7.5309E-09
8003,8003,71.67578125,56.4237342,8287,1433,310,56.42375874,0.001645449,0.000200331,7.06911E-10
8004,8004,67123.09685,2947.584016,7887,1515,310,2947.583934,1.540940299,0.009023086,6.62065E-07
8009,8009,37678.27067,2059.587752,8290,1425,310,2059.587801,0.86497769,0.006950166,3.71592E-07
8010,8010,213676.3633,3459.941491,7890,0,0,3459.941464,4.905354161,0.011429624,2.10753E-06
8017,8017,34954.27902,1144.329814,7893,0,0,1144.329664,0.802443107,0.003935098,3.44768E-07
8022,8022,25994.9306,1424.99858,8386,1368,310,1424.998624,0.596763928,0.00493883,2.56361E-07
8024,8024,383412.1599,6199.214946,7896,2496,310,6199.214909,8.801966893,0.019228528,3.78185E-06
8029,8029,182424.4367,3484.979978,7587,1819,310,3484.980061,4.187905197,0.011618581,1.79954E-06
8030,8030,20340.86907,670.4109953,8388,1377,310,670.4108546,0.466964022,0.002065859,2.006E-07
8031,8031,1130697.557,7140.586859,8299,1416,310,7140.586896,25.9573484,0.023860501,1.11509E-05
8034,8034,49874.41696,1784.872756,7589,1570,310,1784.872796,1.144963653,0.00529624,4.91976E-07
8043,8043,38872.31886,1444.753536,7591,766,310,1444.753448,0.892389309,0.004977249,3.83459E-07
8047,8047,102925.377,2850.777716,8392,1846,310,2850.777585,2.362850402,0.008954628,1.01505E-06
8048,8048,9759.04257,381.2040089,7593,765,310,381.2039234,0.22403758,0.001243367,9.6269E-08
8052,8052,35240.24296,1054.249535,7594,1500,310,1054.24956,0.809007889,0.003610153,3.47635E-07
8058,8058,780032.538,4238.027139,7904,185,310,4238.027126,17.90715449,0.013427649,7.69392E-06
8065,8065,433804.5836,8224.240239,7905,1694,310,8224.240144,9.958822653,0.025951654,4.27863E-06
8070,8070,168631.1071,2665.652964,7906,1696,310,2665.652996,3.871252972,0.008041117,1.66323E-06
8085,8085,67995.71934,1829.208276,8404,1369,310,1829.208195,1.560973525,0.006185225,6.70568E-07
8105,8105,111367.7327,2432.610014,7604,1501,310,2432.61015,2.556661586,0.007637815,1.09859E-06
8108,8108,39097.67529,1513.34089,7605,0,0,1513.340736,0.897562763,0.004873432,3.85681E-07
8119,8119,272783.7188,3044.68048,7920,2483,310,3044.680505,6.262277631,0.009830569,2.69066E-06
8123,8123,24213.10252,788.1961588,7921,0,0,788.1959767,0.555858389,0.002709852,2.38819E-07
8124,8124,34760.50565,1217.627711,7609,2437,310,1217.62771,0.797994708,0.004095973,3.42906E-07
8127,8127,15548.05722,592.6599839,7922,1512,310,592.659933,0.356935705,0.001960596,1.53359E-07
8136,8136,11731.33292,406.944884,8414,1747,310,406.9448763,0.269315387,0.001296432,1.15693E-07
8141,8141,22904.94824,994.5356632,7786,0,0,994.5356417,0.525827371,0.003382719,2.25934E-07
8143,8143,38833.02338,1097.889866,8417,1359,310,1097.88994,0.891487,0.003596675,3.82975E-07
8148,8148,13562.54996,634.2728863,7926,1546,310,634.2729057,0.311354566,0.001913097,1.33771E-07
8158,8158,34153.15475,992.2174241,8330,1514,310,992.2174608,0.784051697,0.003081049,3.36829E-07
8165,8165,136435.2798,1712.35218,7617,1229,310,1712.352133,3.132135434,0.005814953,1.34583E-06
8167,8167,296796.2064,5690.269471,8422,1372,310,5690.269597,6.813530425,0.017722492,2.92686E-06
8175,8175,882162.0567,7220.787255,7619,1228,310,7220.787255,20.25173567,0.022527565,8.70172E-06
8187,8187,159200.127,3747.54604,8334,1417,310,3747.545985,3.654746317,0.011137314,1.57E-06
8201,8201,120362.0547,2758.605034,7687,1494,310,2758.605068,2.763143235,0.009151212,1.18728E-06
8202,8202,55801.83642,2018.954853,7793,1416,310,2018.954857,1.28103906,0.006477069,5.50411E-07
8203,8203,321610.3279,3876.384295,8427,1769,310,3876.38441,7.383186862,0.01236457,3.1716E-06
8209,8209,81223.61048,3184.807885,8337,1378,310,3184.807742,1.864645037,0.010388712,8.01023E-07
8214,8214,457130.7031,7037.067101,7996,1870,310,7037.067047,10.49431972,0.023033788,4.50868E-06
8217,8217,17099.36035,893.9406143,8544,0,0,893.940603,0.392549095,0.003112823,1.68625E-07
8224,8224,20882.45693,1128.006371,8545,1373,310,1128.006322,0.479397041,0.003200224,2.05931E-07
8239,8239,33655.16473,990.654469,7939,1348,310,990.6544352,0.772619667,0.003251755,3.3196E-07
8243,8243,574103.4954,7767.47505,7629,2484,310,7767.474873,13.17965628,0.023896315,5.66312E-06
8250,8250,134416.9482,1809.789366,8548,1449,310,1809.789267,3.085801106,0.005770977,1.32559E-06
8253,8253,929597.5178,9643.44617,7800,1719,310,9643.446282,21.34070818,0.032572575,9.16923E-06
8273,8273,209068.1133,4917.260843,8345,1868,310,4917.260676,4.799562511,0.015325891,2.06184E-06
8275,8275,35816.63301,1077.501435,7803,1581,310,1077.501385,0.822240084,0.003627669,3.53284E-07
8286,8286,112338.6484,2240.807985,8553,1420,310,2240.807958,2.578950936,0.007120017,1.10782E-06
8288,8288,37955.7836,1251.260537,8086,1346,310,1251.260476,0.871348293,0.004209575,3.74362E-07
8293,8293,14773.76198,495.0784156,8006,1549,310,495.078391,0.339160283,0.001562848,1.45714E-07
8296,8296,48707.73944,1010.152468,8439,1365,310,1010.152461,1.118180305,0.003063031,4.80356E-07
8299,8299,35330.76072,1340.964261,8348,1748,310,1340.964261,0.811085838,0.004399776,3.48432E-07
8303,8303,21246.028,945.30368,7806,1417,310,945.3037122,0.487743865,0.003057252,2.09565E-07
8311,8311,121753.6165,1948.389095,7639,1569,310,1948.389123,2.795089751,0.006119295,1.20099E-06
8320,8320,213538.5193,5923.164579,7808,1579,310,5923.164582,4.902189462,0.02035115,2.10624E-06
8321,8321,34871.43249,1096.038334,7641,1822,310,1096.038329,0.800540935,0.00377928,3.43987E-07
8323,8323,62663.55234,3184.764207,8444,1386,310,3184.764135,1.438562965,0.008969351,6.17963E-07
8326,8326,32978.34874,687.3941162,7952,2495,310,687.3941314,0.757081787,0.002210802,3.25287E-07
8329,8329,50648.0136,1993.464565,7642,1575,310,1993.464406,1.162722784,0.005857732,4.99597E-07
8332,8332,206.235429,88.31758146,8445,1412,310,88.31752364,0.004734505,0.000249238,2.03396E-09
8335,8335,59482.16441,2528.89955,8088,2508,310,2528.899644,1.365528004,0.007203709,5.86675E-07
8336,8336,166899.3105,5273.39165,7953,1435,310,5273.391664,3.831496167,0.018500158,1.64616E-06
8339,8339,430058.5256,6022.513554,8011,220,310,6022.513502,9.872824982,0.019263418,4.24181E-06
8341,8341,436590.1836,4312.891602,8354,1415,310,4312.891656,10.02277116,0.013817235,4.30561E-06
8351,8351,572003.1784,6816.331578,8448,1376,310,6816.331663,13.13143905,0.023495368,5.6409E-06
8353,8353,7222.496094,404.8264219,8189,1866,310,404.8265148,0.165806347,0.001270671,7.12337E-08
8355,8355,416314.8391,6883.162428,8355,1766,310,6883.162529,9.557312042,0.020212391,4.10549E-06
8361,8361,16998.70945,832.381158,7697,1497,310,832.3811481,0.390238129,0.002716845,1.6768E-07
8373,8373,23516.91331,883.8253543,8092,1537,310,883.8252265,0.539876116,0.002769882,2.31941E-07
8374,8374,14556.51671,953.2095593,8562,1746,310,953.2096291,0.334173138,0.003080473,1.43548E-07
8377,8377,533898.4974,8245.714376,7957,1693,310,8245.714504,12.25667119,0.025863234,5.2658E-06
8381,8381,23974.00546,638.6897791,8015,1548,310,638.6897808,0.550369698,0.002088315,2.36455E-07
8387,8387,26687.16245,1805.849294,8358,1740,310,1805.849349,0.612655545,0.005725338,2.63188E-07
8388,8388,292708.6971,4007.188847,7700,1492,310,4007.188973,6.719694166,0.012591242,2.8873E-06
8389,8389,35848.25893,1017.445076,7958,2521,310,1017.445078,0.822966048,0.003065187,3.53592E-07
8393,8393,38747.67389,1565.175175,7814,2492,310,1565.175152,0.889527796,0.005000644,3.82211E-07
8394,8394,86655.81524,2107.382702,8017,1509,310,2107.382754,1.989351926,0.007161756,8.54704E-07
8396,8396,110793.4517,2598.027899,7815,2482,310,2598.02779,2.543477614,0.007863815,1.09286E-06
8403,8403,13039.86124,557.7566151,8566,1357,310,557.7566312,0.299355225,0.001635811,1.28595E-07
8404,8404,45383.96136,1924.155983,8018,1349,310,1924.155849,1.041876617,0.006134656,4.47637E-07
8413,8413,2253418.448,10498.58859,8567,1409,310,10498.58852,51.73157562,0.034624974,2.22215E-05
8415,8415,39627.8598,1525.485698,7817,1547,310,1525.485626,0.909734112,0.005025751,3.90875E-07
8417,8417,35485.23724,933.4574241,7649,1818,310,933.4574554,0.814632235,0.003190601,3.5004E-07
8421,8421,12872.34961,492.5340306,8197,0,0,492.534058,0.295509675,0.001662956,1.26957E-07
8423,8423,634987.2494,5182.158403,7650,1227,310,5182.158282,14.5773598,0.017174055,6.26354E-06
8426,8426,27139.07638,858.4148686,7704,1506,310,858.41488,0.623029805,0.003005925,2.67708E-07
8429,8429,8806.497908,651.9040082,7819,1418,310,651.9040611,0.202170182,0.002158103,8.68645E-08
8437,8437,89485.10625,2071.334248,7706,1502,310,2071.334299,2.054303455,0.006247975,8.82699E-07
8442,8442,110.4785925,88.52156043,7820,1580,310,88.5215729,0.002536272,0.000313849,1.08975E-09
8449,8449,93614.825,3511.433977,8022,1513,310,3511.434025,2.149109243,0.01100888,9.23324E-07
8450,8450,169.4178255,121.758943,7821,1422,310,121.7589276,0.003889335,0.00043381,1.67111E-09
8457,8457,716.671692,100.2821991,8364,6139,0,100.2822041,0.016452585,0.000319599,7.0678E-09
8458,8458,19201.4344,563.1421639,7653,2438,310,563.1421138,0.440805989,0.001681472,1.89416E-07
8460,8460,40225.73988,977.1985845,7822,1555,310,977.1985223,0.923459416,0.003329174,3.96774E-07
8461,8461,37369.9341,2058.430306,7708,1411,310,2058.430272,0.857898946,0.006125034,3.68611E-07
8468,8468,96798.01438,3086.011198,7823,1419,310,3086.011215,2.222185119,0.010735939,9.54778E-07
8473,8473,884374.9985,10144.22147,8024,0,0,10144.22151,20.30253656,0.032322332,8.72218E-06
8484,8484,25911.25451,1436.723222,8025,1511,310,1436.723297,0.594842807,0.004447553,2.55567E-07
8491,8491,10321.44555,1110.723225,7825,1557,310,1110.723131,0.236948574,0.003841388,1.01807E-07
8493,8493,92131.73449,1367.687871,8460,1358,310,1367.687877,2.115062023,0.004634506,9.08599E-07
8496,8496,83437.34052,2845.499905,7712,2488,310,2845.500003,1.915465083,0.00828842,8.23055E-07
8500,8500,682993.4117,7226.509837,8461,1849,310,7226.509874,15.67943488,0.023037736,6.73539E-06
8507,8507,256522.9553,6625.223174,8106,1538,310,6625.223128,5.888980564,0.021229301,2.52998E-06
8511,8511,37345.24771,2968.908372,8462,1410,310,2968.908477,0.85733214,0.008369953,3.68288E-07
8533,8533,70396.24175,1038.051378,7716,2439,310,1038.051354,1.616081937,0.003422092,6.94416E-07
8537,8537,35960.98481,1167.153623,8579,1371,310,1167.153544,0.82555407,0.003847264,3.54625E-07
8539,8539,1194563.487,11196.06684,7661,1226,310,11196.0668,27.42351419,0.036491858,1.17827E-05
8553,8553,83922.03241,1307.048151,7974,2520,310,1307.048233,1.926592939,0.004444344,8.27774E-07
8556,8556,62333.60352,1400.718312,8373,1850,310,1400.718219,1.430988171,0.004228491,6.1474E-07
8569,8569,194363.4634,3588.839825,8375,1370,310,3588.839832,4.461989336,0.011585047,1.91677E-06
8574,8574,42669.73781,1557.755301,7833,0,0,1557.755221,0.979566325,0.00494882,4.20876E-07
8578,8578,293028.9509,3495.224005,8469,1397,310,3495.223897,6.727046141,0.011603943,2.8898E-06
8583,8583,40561.20703,1085.915214,8378,1848,310,1085.915248,0.931161028,0.003178999,4.00019E-07
8591,8591,34244.25987,1983.957378,7978,1445,310,1983.957291,0.786143429,0.006153517,3.37767E-07
8592,8592,24198.01465,630.6130668,7720,1527,310,630.6130934,0.5555122,0.002088013,2.38695E-07
8597,8597,99104.12036,2168.069952,8471,1399,310,2168.070033,2.275126774,0.006333294,9.77347E-07
8598,8598,24191.16739,1217.912148,8585,1754,310,1217.91204,0.555354933,0.004132692,2.38557E-07
8603,8603,348136.6405,7462.876114,8472,1367,310,7462.875961,7.992148919,0.024015388,3.4331E-06
8613,8613,50395.34986,1749.008678,8217,1611,310,1749.008598,1.1569226,0.005376589,4.97029E-07
8615,8615,61845.28562,1797.935357,8039,0,0,1797.935243,1.419778025,0.006010748,6.09997E-07
8636,8636,143364.5098,2733.095047,8220,1861,310,2733.095005,3.291209045,0.008703486,1.41393E-06
8639,8639,72159.30363,1625.625066,8384,1398,310,1625.625103,1.656556434,0.004900276,7.11643E-07
8644,8644,20753.86133,1061.225907,8221,0,0,1061.225918,0.476445104,0.003283149,2.0469E-07
8645,8645,26917.38198,757.2075182,8590,1745,310,757.2075321,0.617940401,0.002441568,2.6544E-07
8646,8646,18705.13132,746.423229,8477,1749,310,746.4233043,0.429412447,0.00249934,1.84463E-07
8647,8647,18441.73926,1265.238551,8042,1352,310,1265.238464,0.423365578,0.003904135,1.81896E-07
8649,8649,768036.1381,7461.12308,8591,1455,310,7461.122952,17.63175403,0.022223817,7.57375E-06
8651,8651,40028.54974,1311.24983,7726,1526,310,1311.249911,0.918932688,0.004407161,3.9485E-07
8653,8653,66384.21762,1715.67192,8222,0,0,1715.671985,1.523977805,0.005764841,6.54711E-07
8655,8655,134456.7207,2686.502688,8385,1847,310,2686.502742,3.086714047,0.008240676,1.32601E-06
8658,8658,312540.061,3552.272521,8530,1402,310,3552.272451,7.174960936,0.011394127,3.08217E-06
8662,8662,6948.570065,349.2130892,8592,1756,310,349.2130511,0.159517789,0.001130924,6.85221E-08
8666,8666,11023559.67,36287.49377,8593,0,0,36287.49371,253.067119,0.119805744,0.000108701
8667,8667,155595.7127,2160.311333,7728,1414,310,2160.311265,3.572000142,0.007240674,1.53478E-06
8669,8669,183733.8304,3632.267387,8224,1695,310,3632.267445,4.217965136,0.011818908,1.81205E-06
8671,8671,12742.40173,847.4057743,8531,1764,310,847.4058455,0.292526636,0.002976266,1.25659E-07
8672,8672,2120997.309,17761.94155,7843,1698,310,17761.94135,48.69159179,0.056871782,2.09195E-05
8673,8673,33510.75263,2024.863754,8121,2511,310,2024.863828,0.769303968,0.0060314,3.3052E-07
8674,8674,14577.65123,907.9521373,7674,1496,310,907.9522024,0.33465818,0.00308171,1.43799E-07
8676,8676,30498.92107,872.2219687,8532,1375,310,872.2219289,0.700161752,0.002977519,3.00766E-07
8678,8678,8802.412816,430.9384804,8594,1757,310,430.9385155,0.202076372,0.00146813,8.68031E-08
8679,8679,45885.63441,1493.377427,7844,2491,310,1493.377367,1.053393458,0.004768669,4.52615E-07
8680,8680,16544.98251,894.6503653,7675,1498,310,894.65049,0.37982208,0.003010258,1.63205E-07
8681,8681,74387.60233,1828.659549,7730,1721,310,1828.659488,1.707711261,0.005979171,7.33764E-07
8689,8689,40684.88867,1230.644005,8226,1867,310,1230.644129,0.934000597,0.004070751,4.01259E-07
8705,8705,22369.13548,1134.421035,8536,1755,310,1134.420983,0.513526659,0.003583501,2.20592E-07
8707,8707,44244.61994,2799.667562,7847,1505,310,2799.667631,1.015720802,0.008551693,4.36413E-07
8710,8710,19517.30096,546.1254396,8229,1355,310,546.1255406,0.448057381,0.001799966,1.92494E-07
8719,8719,85895.63407,2153.763586,8126,1358,310,2153.763629,1.971900567,0.007468769,8.47187E-07
8724,8724,90657.12321,2693.884176,7735,1413,310,2693.884135,2.081209357,0.008843002,8.94228E-07
8733,8733,28199.40618,1214.878566,8053,1350,310,1214.878625,0.6473719,0.003657042,2.78137E-07
8760,8760,1744599.742,17525.37676,7855,1536,310,17525.37659,40.05065922,0.055085099,1.72068E-05
8766,8766,19749.8891,746.5681795,7856,1493,310,746.5681361,0.453396914,0.002251518,1.94808E-07
8773,8773,146045.2327,3093.1617,7743,2490,310,3093.161442,3.352750785,0.009846796,1.44062E-06
8781,8781,20295.39912,1087.287356,7859,1558,310,1087.28745,0.465920029,0.003185619,2.00182E-07
8783,8783,87873.65453,2198.925243,8060,2516,310,2198.925097,2.017309715,0.006294822,8.66715E-07
8785,8785,102680.6719,2266.510894,8609,1418,310,2266.510953,2.357233202,0.006922145,1.01255E-06
8795,8795,68933.17047,1517.135552,8610,1356,310,1517.135513,1.582494185,0.004528345,6.7978E-07
8802,8802,377100.3821,5944.208973,8063,2517,310,5944.209307,8.657068321,0.018041031,3.7194E-06
8811,8811,4371.626709,478.2523427,8613,1758,310,478.2523721,0.100359028,0.001676899,4.31095E-08
8818,8818,22573.86492,1713.738243,8614,1379,310,1713.738119,0.518226809,0.006104046,2.22606E-07
8833,8833,21971.39206,749.4381264,8143,1356,310,749.4380497,0.50439558,0.00243836,2.16704E-07
8837,8837,415395.4197,9056.193309,7868,0,0,9056.193257,9.536204484,0.029904788,4.09723E-06
8844,8844,15560.4431,809.5108354,8618,1753,310,809.5108706,0.357220048,0.002634044,1.53445E-07
8845,8845,18418.04465,807.0566214,8071,1351,310,807.0566532,0.422822012,0.002366541,1.8166E-07
8850,8850,17814.40625,609.4518225,8252,1432,310,609.451848,0.408964154,0.002051522,1.75692E-07
8852,8852,70199.40805,2782.090164,7871,1541,310,2782.089981,1.611563042,0.009142497,6.92401E-07
8855,8855,9875.748991,711.5263772,7756,0,0,711.5264158,0.2267169,0.002133281,9.74127E-08
8858,8858,13472.4493,1165.814877,8073,0,0,1165.814819,0.309285732,0.004104871,1.3288E-07
8872,8872,146961.3789,1447.184264,8623,1419,310,1447.184315,3.373782522,0.004643232,1.44922E-06
8883,8883,878969.8546,8788.519225,7876,1216,310,8788.51905,20.17845317,0.029513787,8.66933E-06
8885,8885,11024.88064,655.7911923,8626,1744,310,655.7911353,0.253097461,0.00216184,1.08719E-07
8889,8889,66824.11191,1748.498028,7877,1554,310,1748.497938,1.534076784,0.005951757,6.59111E-07
8893,8893,950.2887275,170.9720845,7878,1504,310,170.9720197,0.021815677,0.000493331,9.37347E-09
8908,8908,68802.69727,1578.112803,8155,1864,310,1578.112759,1.579499173,0.00517509,6.78585E-07
8911,8911,17879.30356,575.5240349,7881,0,0,575.5240956,0.410454039,0.001852286,1.76351E-07
8913,8913,42035.5543,1281.788723,8631,1404,310,1281.788752,0.965007488,0.004323611,4.14532E-07
8916,8916,11551.94485,685.2861808,8157,1347,310,685.2862632,0.265197045,0.002333416,1.13936E-07
8921,8921,160935.6175,2492.91682,8633,1403,310,2492.916714,3.694588457,0.008095171,1.58705E-06
8922,8922,1921324.913,9494.396946,8265,1447,310,9494.396813,44.10772797,0.030184644,1.89485E-05
8924,8924,14697.55183,959.1030513,8159,1354,310,959.1032118,0.337410638,0.002939779,1.44961E-07
8925,8925,39710.85938,918.9369378,8082,1863,310,918.9369097,0.911639561,0.002754621,3.91668E-07
8926,8926,58056.19292,1160.024561,7883,2493,310,1160.024572,1.332792121,0.003565485,5.72656E-07
8937,8937,289091.546,3872.493843,7769,1720,310,3872.49375,6.636654988,0.013018062,2.85157E-06
8942,8942,570246.3275,7131.79807,8084,1692,310,7131.797896,13.09110627,0.022404757,5.62398E-06
8945,8945,54592.04803,2127.325778,8162,1609,310,2127.325827,1.253266085,0.007388852,5.38435E-07
8950,8950,25558.61166,805.5580663,7772,1568,310,805.5580413,0.586747399,0.002558389,2.52104E-07
8951,8951,99944.27148,2574.810483,8271,1862,310,2574.810574,2.294413566,0.008691622,9.85697E-07
8955,8955,152409.3469,2972.919184,8272,1434,310,2972.919196,3.498851013,0.009895609,1.5031E-06
8958,8958,2553.414834,188.771298,8273,1751,310,188.7712906,0.058618585,0.000604038,2.51824E-08
8960,8960,209149.5736,2835.181656,8274,0,0,2835.181568,4.801432658,0.00921846,2.06265E-06
8961,8961,111470.6657,2387.564187,7776,1724,310,2387.564183,2.559024248,0.007674236,1.09953E-06
8963,8963,40414.43078,1262.063911,7777,2440,310,1262.063915,0.927791296,0.004318027,3.98658E-07
8964,8964,39242.53023,909.2942511,7778,0,0,909.2941788,0.900888041,0.002627517,3.87097E-07
8971,8971,114758.1584,2200.437359,7780,1235,310,2200.437379,2.634495446,0.006929979,1.13193E-06
8976,8976,43911.95868,1350.09602,8280,0,0,1350.095943,1.008084059,0.004723683,4.33084E-07
8980,8980,112048.5205,2677.597613,7782,1495,310,2677.597597,2.57229069,0.008565381,1.10524E-06
8983,8983,23456.32222,1226.7075,8282,1357,310,1226.707347,0.538485223,0.004263699,2.31339E-07
8985,8985,333304.9826,5333.22742,7784,186,310,5333.227519,7.651660643,0.01663273,3.28774E-06
8989,8989,42797.78435,1301.552802,7785,0,0,1301.552793,0.982506006,0.003886317,4.22142E-07
9000,9000,82756.20761,1760.070503,8185,1610,310,1760.070517,1.899828729,0.00584522,8.16207E-07
9005,9005,85501.47109,1412.237932,8842,1426,310,1412.237867,1.962851507,0.004559907,8.43109E-07
9007,9007,1081786.442,11791.96863,8843,1346,310,11791.96852,24.83449872,0.037338644,1.06665E-05
9010,9010,370655.3663,3612.573704,9444,1379,310,3612.573618,8.509110352,0.011880327,3.6541E-06
9014,9014,33329.5,1810.925511,8846,1341,310,1810.925462,0.765143064,0.005479032,3.28642E-07
9015,9015,72786.24754,2118.033856,9447,1441,310,2118.033786,1.670948985,0.006701885,7.1757E-07
9016,9016,57284.41256,1542.560802,8847,1371,310,1542.560793,1.315074428,0.004832028,5.64862E-07
9021,9021,88230.1875,1825.611868,8850,1386,310,1825.611832,2.025494677,0.006072901,8.69996E-07
9029,9029,34762.40157,2557.920518,9642,1485,310,2557.920484,0.798038364,0.007084339,3.42681E-07
9035,9035,165908.3921,5968.335081,9041,0,0,5968.335181,3.808748333,0.020403914,1.63586E-06
9044,9044,776702.9863,7471.771753,9646,780,310,7471.771984,17.83071848,0.023685371,7.65626E-06
9046,9046,25597.08943,935.460336,9043,1421,310,935.4603169,0.587630459,0.003126209,2.52388E-07
9051,9051,28546.38646,1485.447063,9649,781,310,1485.447156,0.655337333,0.005093896,2.81403E-07
9054,9054,54930.44531,1072.907512,9047,1385,310,1072.907515,1.26103442,0.00341758,5.41604E-07
9055,9055,68930.95635,1380.229462,9651,1439,310,1380.22946,1.58244315,0.004099541,6.79499E-07
9057,9057,21516.07798,845.7792645,9652,1446,310,845.7793785,0.493943119,0.002679929,2.12104E-07
9060,9060,802004.3755,6387.914052,8857,1423,310,6387.914014,18.41156108,0.021091209,7.90815E-06
9063,9063,35541.203,2314.358074,8858,1717,310,2314.357936,0.815916979,0.007088418,3.50445E-07
9077,9077,42801.51081,1052.144284,9658,1425,310,1052.144428,0.982591692,0.003244124,4.21922E-07
9079,9079,659427.967,8441.398462,8862,1716,310,8441.398668,15.13844328,0.027920308,6.50205E-06
9085,9085,37652.7235,1869.149379,9660,1732,310,1869.149441,0.864391107,0.006590435,3.71175E-07
9087,9087,48589.72593,1747.845092,9661,1246,310,1747.845048,1.115471058,0.005474861,4.78992E-07
9089,9089,7529.749898,324.7917142,9056,1365,310,324.7918542,0.172860014,0.001023004,7.42439E-08
9103,9103,49364.94736,1309.37116,9468,1789,310,1309.371151,1.133267881,0.003914269,4.86657E-07
9108,9108,180555.5604,3301.774689,9062,1420,310,3301.774718,4.145001648,0.010813803,1.78026E-06
9109,9109,339216.2388,2852.772774,9470,1326,310,2852.772747,7.787364751,0.009292886,3.34404E-06
9113,9113,3576265.216,23808.62781,9667,1449,310,23808.62741,82.10007973,0.075038062,3.52526E-05
9120,9120,362442.1232,4578.098517,9472,1376,310,4578.098594,8.320559561,0.014248334,3.57311E-06
9132,9132,65780.94415,2296.177889,9672,0,0,2296.177989,1.510128604,0.007862556,6.48448E-07
9133,9133,708992.4384,7565.557836,8875,1416,310,7565.557802,16.2762919,0.025384756,6.99103E-06
9135,9135,22239.4082,1061.705873,9069,1834,310,1061.705906,0.510548309,0.003576264,2.19276E-07
9136,9136,101230.8211,1775.109943,9475,1434,310,1775.109988,2.32394916,0.005653162,9.97979E-07
9144,9144,186390.5,4258.477483,8878,1718,310,4258.477411,4.278954412,0.013420544,1.8378E-06
9149,9149,45810.24747,1326.619086,9479,1432,310,1326.619088,1.051662637,0.004147012,4.51618E-07
9151,9151,76328.51563,2599.691339,8879,1401,310,2599.691354,1.752268459,0.007860985,7.5262E-07
9156,9156,142575.0493,2852.051231,9679,1452,310,2852.051251,3.273085974,0.009154739,1.40547E-06
9164,9164,34434.00977,942.1404117,9076,1829,310,942.1404012,0.790499256,0.002990321,3.3951E-07
9165,9165,1206676.175,6053.655324,8883,1336,310,6053.655481,27.70158432,0.019422119,1.1898E-05
9167,9167,30971.59212,1631.815952,9077,1362,310,1631.816045,0.711012643,0.005714951,3.05379E-07
9179,9179,38182.5,1343.029437,8886,1343,310,1343.029379,0.876552949,0.004300865,3.7649E-07
9181,9181,555699.8411,12560.24926,9488,1476,310,12560.24932,12.75716329,0.044123532,5.47835E-06
9182,9182,117219.1992,1896.365239,8887,1400,310,1896.365148,2.690993565,0.005836295,1.15581E-06
9185,9185,21247.88898,1011.054965,9082,1463,310,1011.054934,0.487786582,0.002878187,2.09503E-07
9193,9193,1078783.596,10373.91822,9491,734,310,10373.9182,24.76556281,0.032687481,1.06346E-05
9204,9204,627829.0286,7934.514039,9085,1063,310,7934.514065,14.41302933,0.027376515,6.19033E-06
9208,9208,37531.44554,727.4810163,9496,1440,310,727.4809836,0.861606789,0.002344006,3.70001E-07
9209,9209,20349.5,1173.601058,8896,1340,310,1173.601036,0.467162054,0.003520279,2.00651E-07
9210,9210,58036.68295,1109.291301,9497,1816,310,1109.291304,1.332344211,0.00353221,5.7214E-07
9212,9212,34161.89453,1289.402418,8897,1388,310,1289.402372,0.784252313,0.004371656,3.3685E-07
9223,9223,78509.92381,3020.643099,9502,1328,310,3020.643148,1.802346527,0.009630645,7.73948E-07
9224,9224,448115.5733,6429.995548,9088,1464,310,6429.995523,10.2873586,0.020668917,4.41828E-06
9231,9231,345776.7716,6219.215998,9693,786,310,6219.215992,7.937974657,0.018710943,3.4084E-06
9236,9236,194396.2868,3800.092536,9505,0,0,3800.092484,4.46274278,0.011727627,1.91636E-06
9239,9239,27076.70829,735.463758,9506,1433,310,735.4637017,0.621598302,0.002296131,2.66933E-07
9240,9240,24285.38772,817.980147,9091,1364,310,817.9801523,0.557517947,0.002416094,2.39452E-07
9246,9246,68433.55725,2052.830007,9508,1806,310,2052.830133,1.57102433,0.006830623,6.74631E-07
9251,9251,22067.04863,795.2034882,9697,0,0,795.2035707,0.506591748,0.002512812,2.17532E-07
9252,9252,135214.5527,4135.986334,9094,1832,310,4135.986488,3.104111529,0.013780809,1.33317E-06
9253,9253,97486.00288,3117.625361,9698,790,310,3117.625281,2.237979941,0.010150922,9.60964E-07
9268,9268,150480.8118,2382.759255,8913,1417,310,2382.759369,3.454578223,0.008042353,1.48382E-06
9269,9269,26085.96384,598.0926133,9098,6160,0,598.0925818,0.598853623,0.001922047,2.57207E-07
9272,9272,47402.70021,1688.732193,9099,1198,310,1688.73228,1.088220498,0.005137978,4.67363E-07
9274,9274,3311586.089,14769.85014,9704,1238,310,14769.85021,76.02385998,0.046549621,3.26417E-05
9275,9275,403812.7532,5344.866025,9514,752,310,5344.865884,9.270301919,0.017766235,3.98078E-06
9277,9277,4042387.576,20824.37635,8915,1408,310,20824.37647,92.80082136,0.063918718,3.9856E-05
9279,9279,136068.0949,2734.116926,9705,778,310,2734.116932,3.123706131,0.00923687,1.34129E-06
9281,9281,27613.09961,624.7337477,8916,1384,310,624.7336917,0.633912091,0.002039874,2.72275E-07
9287,9287,143070.2051,1691.210857,8917,1383,310,1691.210848,3.284453342,0.005169333,1.41071E-06
9299,9299,1577643.6,15831.2287,8921,1064,310,15831.22889,36.21785846,0.05140426,1.55558E-05
9300,9300,71210.94337,2392.480741,9105,1842,310,2392.48073,1.634784797,0.007454075,7.02109E-07
9309,9309,17988.2414,617.5522169,9523,1436,310,617.5521346,0.4129547,0.001868831,1.77334E-07
9313,9313,249360.6569,3373.356054,9715,1451,310,3373.356082,5.724555878,0.010923756,2.4581E-06
9314,9314,149074.2148,2726.247476,8924,1397,310,2726.247525,3.422286772,0.009057568,1.46991E-06
9316,9316,20791.5918,701.6463469,9108,1833,310,701.6463453,0.477311067,0.002442066,2.04999E-07
9321,9321,45540.8462,1312.448063,9717,0,0,1312.447973,1.045478229,0.004081492,4.48916E-07
9327,9327,56507.85859,1490.365918,9110,1460,310,1490.365958,1.297247043,0.004864061,5.5716E-07
9328,9328,11675.10888,427.6562856,9719,6180,0,427.6563096,0.268024663,0.001284188,1.1509E-07
9332,9332,93668.36596,2457.991227,9111,1256,310,2457.991271,2.150338325,0.00741811,9.23495E-07
9333,9333,165841.7871,2086.710859,8929,1390,310,2086.710905,3.80721873,0.0065455,1.63523E-06
9334,9334,87835.01278,1660.468593,9530,1444,310,1660.468427,2.016422343,0.004830544,8.65898E-07
9335,9335,41050.24668,1373.8102,9112,1841,310,1373.810288,0.942388032,0.004805417,4.04744E-07
9338,9338,23533.5,1113.180709,8930,1347,310,1113.180695,0.540257014,0.00331278,2.32043E-07
9341,9341,330039.2484,5869.285385,9532,0,0,5869.285488,7.576688827,0.018433938,3.25347E-06
9345,9345,46278.70644,1543.707417,9723,0,0,1543.707334,1.062417017,0.004781757,4.56188E-07
9346,9346,741036.4841,5450.568131,9533,1377,310,5450.568126,17.01192462,0.016745607,7.30509E-06
9352,9352,229813.4603,4552.680413,9117,1407,310,4552.68039,5.275811646,0.013699387,2.26576E-06
9354,9354,10769.68852,673.3747743,9534,1807,310,673.3746914,0.247239014,0.002369069,1.0617E-07
9355,9355,138732.6857,3643.717487,8935,1369,310,3643.717567,3.184876772,0.011229991,1.36793E-06
9361,9361,36372.59575,1160.352642,9727,1730,310,1160.352693,0.835003107,0.003659668,3.58544E-07
9375,9375,179865.8687,2395.628083,9539,0,0,2395.627838,4.129168853,0.00742254,1.77315E-06
9377,9377,50199.00231,1915.16471,9733,1235,310,1915.16467,1.15241534,0.005856301,4.94843E-07
9385,9385,62631.77833,2104.205272,9736,775,310,2104.205354,1.437833852,0.006018119,6.17381E-07
9388,9388,46964.72197,1825.003934,9738,1449,310,1825.003826,1.078165943,0.005635113,4.62945E-07
9389,9389,42135.05801,1052.715696,9129,1462,310,1052.715707,0.967291645,0.003456482,4.15443E-07
9395,9395,33846.35637,3396.534156,9132,1409,310,3396.534238,0.777008584,0.010565613,3.33704E-07
9396,9396,585595.4876,9299.938328,9133,1373,310,9299.938459,13.4434759,0.028222709,5.77334E-06
9399,9399,14191.43499,788.4068102,9138,0,0,788.4067239,0.325792003,0.002362918,1.3992E-07
9413,9413,27943.7071,1468.772634,8641,1743,310,1468.772577,0.641501908,0.004885382,2.75555E-07
9415,9415,108329.1736,2167.008022,8743,1364,310,2167.007988,2.486906056,0.006795018,1.06823E-06
9418,9418,472307.0843,3019.585714,9144,1165,310,3019.585648,10.84272174,0.010179384,4.65658E-06
9421,9421,9729.551496,635.5136885,8644,1768,310,635.5136838,0.223360703,0.002227799,9.59441E-08
9423,9423,44814.29601,1040.84026,8745,1396,310,1040.840223,1.028798514,0.003237576,4.41915E-07
9425,9425,57988.91022,2748.709598,9146,0,0,2748.709875,1.331247215,0.009178993,5.7175E-07
9432,9432,181144.6836,2706.648429,8748,1399,310,2706.648366,4.15852643,0.008509195,1.78621E-06
9435,9435,902074.0328,6750.68886,9149,1163,310,6750.688782,20.70885308,0.020884332,8.89349E-06
9443,9443,19261.25192,995.6596723,8752,1355,310,995.6596245,0.442179301,0.003224085,1.89931E-07
9446,9446,68796.4175,1746.210274,8753,0,0,1746.210212,1.579354807,0.005316525,6.78396E-07
9448,9448,37594.75493,1561.675821,8754,1361,310,1561.675852,0.863060234,0.005364993,3.70713E-07
9452,9452,16491.62785,509.9478332,8755,1729,310,509.9477129,0.378597009,0.001547458,1.6262E-07
9457,9457,42007.22132,858.4970723,9157,1839,310,858.4970624,0.964356871,0.002778712,4.1417E-07
9460,9460,24299.39889,815.4005546,8758,1359,310,815.4004903,0.557839847,0.002432602,2.39618E-07
9468,9468,36756.81427,1762.509744,8659,1361,310,1762.509825,0.843823745,0.005647659,3.62474E-07
9470,9470,752212.028,8743.542255,9161,0,0,8743.542149,17.26848125,0.029314235,7.41654E-06
9473,9473,20959.39122,580.1321173,8661,0,0,580.132062,0.481163192,0.001756329,2.06682E-07
9474,9474,51737.76104,1628.126307,9343,1804,310,1628.126513,1.187740386,0.005120918,5.10071E-07
9479,9479,84639.32074,1727.857768,9344,1792,310,1727.85785,1.943059338,0.005502146,8.34443E-07
9481,9481,241686.558,2831.226395,8663,1400,310,2831.226491,5.548382483,0.009051912,2.38333E-06
9483,9483,37284.65214,909.654434,8764,1401,310,909.654402,0.855941217,0.002755205,3.67663E-07
9488,9488,56437.89407,1882.716167,9165,1856,310,1882.71615,1.295640687,0.006066399,5.56451E-07
9501,9501,109819.4367,1803.406692,9169,1840,310,1803.406717,2.521117524,0.006037957,1.08276E-06
9502,9502,838098.5601,11189.4809,8770,1407,310,11189.48081,19.24017227,0.036317754,8.26421E-06
9513,9513,42929.40711,1529.254513,8671,1448,310,1529.25442,0.985527427,0.005144605,4.23345E-07
9514,9514,77823.01057,1470.63229,8773,1337,310,1470.632382,1.786577621,0.004457974,7.67386E-07
9515,9515,29132.17885,940.7653058,9173,1457,310,940.7652388,0.66878541,0.002898809,2.87234E-07
9522,9522,223587.6067,3202.953669,8775,1360,310,3202.953821,5.132885506,0.009455178,2.20475E-06
9523,9523,251748.476,2633.758556,9176,1333,310,2633.758685,5.779372984,0.007989079,2.48203E-06
9532,9532,45910.37273,2334.167746,8676,1385,310,2334.167836,1.053961341,0.007412456,4.5272E-07
9534,9534,71493,2506.585941,8779,0,0,2506.585858,1.641260141,0.007557648,7.04957E-07
9535,9535,12045.67286,882.6742094,8677,0,0,882.6742859,0.2765316,0.002927325,1.18783E-07
9537,9537,275665.2862,4210.590625,9354,1323,310,4210.590641,6.328429757,0.014031361,2.71768E-06
9538,9538,22942.30219,866.3663093,9180,1171,310,866.3663122,0.526684869,0.002657681,2.26191E-07
9539,9539,1225210.083,8347.576812,8678,1384,310,8347.576699,28.12706589,0.027270185,1.20815E-05
9543,9543,367797.5417,5517.351025,8781,1406,310,5517.350955,8.443502397,0.018516817,3.62681E-06
9544,9544,79892.27403,1558.168845,8938,1368,310,1558.168864,1.834081373,0.004602289,7.87763E-07
9554,9554,65810.23072,1585.931603,9543,1788,310,1585.931646,1.510801199,0.004998165,6.48767E-07
9564,9564,55569.23633,2331.170981,8942,1837,310,2331.170956,1.275699115,0.008032093,5.47923E-07
9573,9573,299317.4755,3824.609799,8684,1365,310,3824.609771,6.87141136,0.01296681,2.95156E-06
9585,9585,15451.81838,484.603314,8686,1355,310,484.6033221,0.354726418,0.001491969,1.52374E-07
9594,9594,59227.80993,1071.796764,8946,1370,310,1071.796609,1.359688967,0.003254011,5.84005E-07
9597,9597,90940.09908,2004.465766,8688,0,0,2004.465922,2.087705597,0.006711993,8.96757E-07
9598,9598,36479.2611,1875.823607,9190,732,310,1875.823613,0.837451794,0.005790015,3.59661E-07
9599,9599,8908.363132,410.8395184,9550,1373,310,410.8394367,0.204508719,0.001369583,8.78216E-08
9602,9602,47335.58984,1875.584249,8947,1838,310,1875.584075,1.086679892,0.006374796,4.66736E-07
9608,9608,178168.9587,3194.249715,8948,1363,310,3194.2496,4.090212866,0.010832209,1.7568E-06
9610,9610,37902.04485,1251.643077,9193,1812,310,1251.642974,0.870114474,0.004066757,3.73691E-07
9617,9617,67657.83027,3937.233955,8794,0,0,3937.233972,1.553216661,0.013258176,6.67174E-07
9621,9621,362021.622,3345.452188,9554,0,0,3345.452227,8.310906124,0.010841249,3.56882E-06
9622,9622,54535.996,1190.690063,8950,1712,310,1190.690018,1.251979248,0.003808678,5.37726E-07
9626,9626,9677.185786,365.0076137,9196,1458,310,365.0075641,0.222158438,0.001174488,9.54135E-08
9627,9627,77130.81574,1843.096753,9555,1436,310,1843.096735,1.770687242,0.005919856,7.60351E-07
9630,9630,208444.3461,5480.912534,8694,1363,310,5480.912541,4.785242466,0.018544545,2.05548E-06
9631,9631,798046.2129,7771.825521,8952,1389,310,7771.82555,18.32069418,0.025816505,7.86875E-06
9634,9634,184771.5,4059.268998,8797,1714,310,4059.268891,4.24178654,0.012608561,1.82192E-06
9643,9643,652373.5469,5183.475364,8798,1408,310,5183.475408,14.97649552,0.015698861,6.43274E-06
9645,9645,54330.43126,1343.849093,9558,1424,310,1343.849198,1.247260044,0.004308481,5.35587E-07
9651,9651,196936.0626,4993.833462,9559,1371,310,4993.833281,4.521047996,0.016217039,1.94142E-06
9652,9652,261702.7051,3825.114352,8956,0,0,3825.114292,6.00789125,0.012167169,2.58036E-06
9656,9656,20032,1458.111174,8800,1344,310,1458.111083,0.459873331,0.004331858,1.97527E-07
9657,9657,33614.76009,1001.015643,8957,0,0,1001.015549,0.771691682,0.003440824,3.31454E-07
9658,9658,288165.1691,3998.582628,9560,1386,310,3998.582714,6.615388243,0.012644663,2.84073E-06
9660,9660,2059797.574,15388.03443,8801,1398,310,15388.03418,47.28663486,0.047118262,2.03096E-05
9671,9671,6998.407757,333.9768339,9203,1800,310,333.9767892,0.160661936,0.001013935,6.90002E-08
9672,9672,19736.54648,1010.201439,8700,1391,310,1010.201482,0.453090562,0.003150905,1.9462E-07
9673,9673,118888,2670.641182,8803,1342,310,2670.641271,2.729303259,0.008283476,1.17229E-06
9678,9678,84341.28327,2143.377781,8961,1415,310,2143.377752,1.936217086,0.007385637,8.31631E-07
9683,9683,19411.16728,800.8231305,9564,1372,310,800.8230512,0.445620767,0.002773933,1.91361E-07
9688,9688,2774442.551,21984.80778,9380,1381,310,21984.80765,63.69269076,0.068997802,2.735E-05
9695,9695,84240.49439,1604.345029,9381,1374,310,1604.345082,1.933903551,0.005294544,8.30516E-07
9703,9703,1143917.58,11019.03691,9313,0,0,11019.037,26.26083938,0.035214002,1.12775E-05
9708,9708,2758380.445,17935.47361,8705,1428,310,17935.47364,63.32395575,0.056055311,2.71986E-05
9715,9715,281981.7331,3485.323442,9571,1785,310,3485.323373,6.473435537,0.011010755,2.77977E-06
9719,9719,89212.00629,3556.367797,8707,1457,310,3556.367909,2.048034314,0.011812472,8.797E-07
9720,9720,44978.477,1206.204579,8810,1713,310,1206.20447,1.032567719,0.003687865,4.43513E-07
9723,9723,22106.99447,746.1212587,9572,1437,310,746.1212141,0.507508733,0.002225488,2.17934E-07
9725,9725,9199.5,533.7544992,8811,1339,310,533.7545066,0.211192304,0.001607621,9.07126E-08
9726,9726,182824.0154,2738.063772,9317,1393,310,2738.063752,4.197078641,0.008520611,1.80243E-06
9729,9729,21516.95426,949.601475,9386,744,310,949.6014358,0.493963185,0.003011837,2.12126E-07
9731,9731,600335.5853,6420.780672,9318,1324,310,6420.780588,13.78186336,0.021050616,5.91845E-06
9739,9739,32935.84436,989.8054187,9319,1793,310,989.805415,0.756105966,0.003165198,3.24713E-07
9740,9740,1560595.925,11376.51551,8814,1199,310,11376.51573,35.82649713,0.035501023,1.53873E-05
9746,9746,3329517.144,32959.10219,9389,2050,310,32959.10219,76.43550119,0.109573298,3.2824E-05
9750,9750,121232.6877,3821.2611,8712,1383,310,3821.261003,2.783131018,0.01256155,1.19546E-06
9752,9752,40323.0142,2347.702251,9577,1389,310,2347.702293,0.925693112,0.006503608,3.97501E-07
9754,9754,135284,3054.916716,8816,1715,310,3054.916579,3.105705931,0.00971779,1.33396E-06
9772,9772,30959.46392,1086.702079,8716,1354,310,1086.70208,0.710734199,0.003330149,3.05294E-07
9774,9774,168889.8608,1855.35663,9393,1375,310,1855.356706,3.877193089,0.005719705,1.66504E-06
9787,9787,90248.90984,1289.352787,9327,746,310,1289.352704,2.071838295,0.003991929,8.89742E-07
9794,9794,6384.590791,316.831422,9583,1383,310,316.8313208,0.146570515,0.001067901,6.29409E-08
9802,9802,101838.6923,1331.954235,9330,1472,310,1331.954209,2.337903942,0.004230304,1.00404E-06
9804,9804,294120.1545,4256.109135,8982,1419,310,4256.109077,6.752096094,0.014333579,2.90006E-06
9805,9805,47553.54688,1358.415113,8825,1387,310,1358.415024,1.091683265,0.004517933,4.68907E-07
9807,9807,24503.49407,987.0472385,9331,728,310,987.0471466,0.562524735,0.003231199,2.41576E-07
9820,9820,460.3893345,106.9520943,8722,1392,310,106.9519843,0.010569117,0.000361184,4.5398E-09
9826,9826,20830.63462,639.9500631,9402,1473,310,639.9500313,0.478207576,0.001917777,2.05367E-07
9844,9844,15489.92657,715.755413,8989,0,0,715.7554108,0.355601053,0.002085479,1.52733E-07
9851,9851,89062.0925,3976.258335,8833,1186,310,3976.258264,2.044592681,0.012075628,8.78178E-07
9856,9856,10303.5752,444.4956116,9592,1440,310,444.495577,0.236538387,0.001416375,1.01572E-07
9857,9857,359952.7828,6864.136119,8729,1382,310,6864.136288,8.263411677,0.021313824,3.54938E-06
9863,9863,323842.6114,4577.2221,9593,1438,310,4577.22192,7.434432839,0.014171352,3.19236E-06
9865,9865,250870.8828,6209.837143,9409,1327,310,6209.8372,5.759225955,0.019935198,2.47318E-06
9866,9866,26707.4532,1364.698131,8836,0,0,1364.698128,0.613121351,0.004508492,2.63358E-07
9869,9869,54364.00487,1116.628349,9594,0,0,1116.6283,1.248030752,0.003543792,5.35916E-07
9874,9874,136736.3945,2293.728529,8732,1405,310,2293.728364,3.139048314,0.007522401,1.34837E-06
9876,9876,57917.60938,1434.437393,8995,1836,310,1434.43736,1.32961058,0.004809045,5.71067E-07
9878,9878,75579.97762,1395.601847,9411,0,0,1395.601854,1.73508432,0.004083963,7.45104E-07
9881,9881,40.02265715,53.54057277,8735,1364,310,53.54056085,0.00091879,0.000190763,3.94643E-10
9883,9883,397994.2605,6650.151544,9412,0,0,6650.151854,9.136727128,0.020545713,3.92356E-06
9885,9885,2581835.872,18803.73781,9597,1744,310,18803.73753,59.27103338,0.05951563,2.54494E-05
9886,9886,48566.37958,1403.033569,8997,1422,310,1403.033728,1.114935189,0.00486604,4.78872E-07
9891,9891,96551.82629,1999.240801,9414,0,0,1999.24092,2.216533497,0.005954872,9.51848E-07
9893,9893,70972.01228,1891.411206,8999,1362,310,1891.41116,1.629299699,0.006135817,6.99771E-07
9896,9896,72728.4043,3060.991685,9000,1405,310,3060.991717,1.669620865,0.010410818,7.1709E-07
9897,9897,86420.95556,1380.286151,9416,1439,310,1380.286166,1.983960286,0.004443069,8.51999E-07
9901,9901,77764.04102,2664.563591,9002,1835,310,2664.56353,1.785223728,0.009209866,7.66748E-07
9902,9902,51836.81862,1019.204355,9418,1474,310,1019.204346,1.190014253,0.003327158,5.11049E-07
9905,9905,145949.0351,1677.164268,9419,1442,310,1677.164199,3.3505419,0.005239449,1.43886E-06
9909,9909,38372.58937,1527.760463,9420,1164,310,1527.760413,0.880916812,0.004916643,3.7829E-07
9910,9910,59600.82476,1103.626696,9605,1482,310,1103.62666,1.368252207,0.003312825,5.87544E-07
9924,9924,170638.9375,3333.586904,9425,1381,310,3333.586836,3.917346466,0.009551272,1.68224E-06
9928,9928,930841.1819,6858.020456,9427,751,310,6858.020771,21.36925862,0.022466121,9.1766E-06
9942,9942,351616.625,3124.886648,9615,1382,310,3124.886631,8.072039417,0.009727745,3.46619E-06
9945,9945,89625.71662,2160.822649,9016,1414,310,2160.822711,2.057531858,0.007363028,8.8372E-07
9950,9950,363257.4792,3811.539546,9434,750,310,3811.53946,8.339277561,0.011026804,3.58107E-06
9953,9953,67856.06747,1570.914545,9619,0,0,1570.914574,1.55776705,0.005048988,6.6891E-07
9955,9955,1289981.289,10502.40328,9620,1429,310,10502.4034,29.6140141,0.033263255,1.27157E-05
9959,9959,26005.25586,1556.875883,9021,1402,310,1556.875997,0.597000993,0.005298543,2.56407E-07
9968,9968,1067093.025,8320.791999,9439,1438,310,8320.792024,24.49718323,0.026729546,1.05196E-05
9969,9969,33563.35767,873.2471452,9625,1455,310,873.2469798,0.77051178,0.002880828,3.30869E-07
9981,9981,1198112.433,9563.502742,9030,1393,310,9563.502812,27.50498642,0.029500088,1.18127E-05
9985,9985,48071.53025,1441.20563,9632,1447,310,1441.205597,1.103574776,0.004566399,4.73889E-07
9989,9989,648283.5826,7464.523343,9034,1184,310,7464.52316,14.88260352,0.024656721,6.39166E-06
9990,9990,4208127.979,19490.76392,9634,1729,310,19490.76386,96.60571267,0.063203602,4.14807E-05
10004,10004,626902.5803,5441.312957,10799,1643,310,5441.312864,14.39176012,0.016712816,6.1767E-06
10039,10039,172385.4553,3664.731717,10810,1663,310,3664.731729,3.957441597,0.011970132,1.69848E-06
10043,10043,1714838.448,12091.99718,10811,2400,310,12091.99727,39.36743149,0.037892253,1.68959E-05
10044,10044,197424.8752,2891.759878,10211,1552,310,2891.759884,4.532269477,0.00914839,1.94572E-06
10046,10046,3317417.532,21280.5179,10212,1563,310,21280.5176,76.15773173,0.067723216,3.26932E-05
10053,10053,183793.0655,2475.532404,10214,1756,310,2475.532353,4.219324827,0.008193961,1.81138E-06
10058,10058,1345002.72,9498.341693,10215,868,310,9498.34176,30.87713709,0.03229954,1.32555E-05
10070,10070,76311.46686,2063.579822,10449,1587,310,2063.579779,1.751877317,0.006834518,7.52015E-07
10076,10076,65462.18696,1550.358845,9959,0,0,1550.35866,1.502811149,0.00486053,6.45222E-07
10079,10079,62187.61489,1187.048436,10870,965,310,1187.048335,1.427636728,0.003659099,6.12702E-07
10081,10081,79138.36215,2556.270421,10046,1766,310,2556.270525,1.81677373,0.007663919,7.79994E-07
10084,10084,143318.5383,1986.842202,10871,8,310,1986.842103,3.290154019,0.00665832,1.41207E-06
10087,10087,4732899.947,14092.77219,10220,1564,310,14092.77221,108.6528671,0.045594141,4.66435E-05
10090,10090,1188531.149,7374.048003,10553,913,310,7374.047944,27.28502983,0.022714994,1.17114E-05
10093,10093,203642.3669,4658.138248,10453,926,310,4658.138224,4.675004016,0.014008183,2.00673E-06
10101,10101,24370.40378,1346.137442,10050,863,310,1346.137303,0.55946989,0.004605206,2.402E-07
10104,10104,87745.66135,2261.163388,10051,1544,310,2261.163334,2.014371456,0.00705782,8.64838E-07
10107,10107,557197.8364,4757.196329,10455,1585,310,4757.196541,12.79155344,0.015945932,5.49093E-06
10120,10120,86436.22718,1771.459061,9966,871,310,1771.459159,1.984310885,0.005588136,8.51953E-07
10123,10123,15098.29136,505.1073481,9967,1602,310,505.1072553,0.346610462,0.001620612,1.48816E-07
10140,10140,57459.31223,1878.953062,10461,1588,310,1878.952907,1.319089389,0.00548384,5.66227E-07
10143,10143,51637.97533,1581.065805,10057,0,0,1581.065783,1.185449663,0.004606456,5.08952E-07
10179,10179,31560.49219,1193.959458,10568,1584,310,1193.959455,0.724532092,0.003997218,3.10999E-07
10187,10187,22611.60289,1015.281527,10065,0,0,1015.281667,0.51909302,0.002863062,2.22863E-07
10195,10195,61548.14071,1753.534469,10888,964,310,1753.534527,1.412956296,0.005698475,6.06396E-07
10196,10196,80255.05635,2903.366303,10236,1754,310,2903.366167,1.842410066,0.009290337,7.90948E-07
10197,10197,30889.15569,917.6642117,9743,1737,310,917.6643311,0.709120441,0.003117821,3.0449E-07
10200,10200,240520.8528,3305.040508,10067,1607,310,3305.040484,5.521621136,0.010434983,2.37053E-06
10203,10203,13673.39496,802.653892,9979,856,310,802.6538298,0.313899408,0.002385834,1.34772E-07
10218,10218,276716.9235,7686.127745,10069,1460,310,7686.127772,6.352571474,0.026097917,2.72731E-06
10222,10222,671522.0857,4185.968284,10297,1467,310,4185.968406,15.41608799,0.013617166,6.61798E-06
10251,10251,11613.37315,578.9257623,10073,1558,310,578.9257041,0.266607316,0.002019695,1.14465E-07
10252,10252,2376511.14,15773.44912,9750,776,310,15773.44913,54.55740715,0.051905933,2.34248E-05
10260,10260,77107.16661,2498.116115,10578,1769,310,2498.11601,1.770143744,0.007524202,7.59795E-07
10273,10273,777395.542,8683.090177,9752,0,0,8683.09022,17.84661642,0.02777674,7.66286E-06
10275,10275,69829.32861,3337.290997,10076,1278,310,3337.290871,1.603067007,0.011020852,6.88249E-07
10284,10284,14037826.39,47329.06186,9754,1483,310,47329.06189,322.2654393,0.151080634,0.000138364
10286,10286,40576.18505,1202.975165,10481,917,310,1202.975337,0.931504843,0.004084506,3.99853E-07
10293,10293,130818.4197,2295.365449,9755,1243,310,2295.365452,3.003190071,0.006885998,1.28954E-06
10300,10300,13085.08721,638.2405919,10079,862,310,638.2405805,0.300393372,0.002229523,1.28969E-07
10305,10305,132863.6467,1576.795857,10483,1590,310,1576.795754,3.05014182,0.004864675,1.3093E-06
10308,10308,28082.56336,906.0517063,10309,1305,310,906.0516424,0.644689672,0.00290589,2.76765E-07
10313,10313,112755.953,2952.248589,10080,1603,310,2952.248654,2.588530975,0.008998064,1.11132E-06
10323,10323,94019.50014,3077.935743,10310,1593,310,3077.935695,2.158399413,0.010286246,9.26579E-07
10341,10341,20975.55024,553.5855029,9993,0,0,553.5854291,0.481534285,0.001798327,2.06749E-07
10342,10342,977606.9018,8642.019261,10084,859,310,8642.019326,22.4428561,0.02841975,9.63515E-06
10351,10351,361723.3693,4501.1256,9762,1738,310,4501.125488,8.304058825,0.013870792,3.56558E-06
10352,10352,42380.25898,2372.760953,10589,1250,310,2372.760965,0.972920426,0.00808212,4.17616E-07
10355,10355,144303.7984,4038.333041,9861,787,310,4038.333031,3.31277267,0.012416862,1.42236E-06
10365,10365,586075.4445,7052.546407,9763,1742,310,7052.546451,13.45449482,0.02264347,5.77697E-06
10370,10370,134517.6968,2605.734941,9863,0,0,2605.734913,3.088113608,0.008246864,1.32591E-06
10375,10375,102886.0647,2358.66564,10698,1669,310,2358.665387,2.361948406,0.007755366,1.01378E-06
10387,10387,43446.85213,1646.980464,9765,1445,310,1646.980457,0.9974067,0.005169352,4.28266E-07
10390,10390,105314.4234,2860.017725,10492,1583,310,2860.017718,2.417695984,0.008728074,1.03779E-06
10395,10395,20623.04607,1564.626391,9865,1237,310,1564.626361,0.473441775,0.004709074,2.03284E-07
10397,10397,29923.41572,1493.434842,9766,777,310,1493.435012,0.686950006,0.004828135,2.94964E-07
10401,10401,45033.26818,1093.624764,10595,1771,310,1093.624809,1.033825638,0.003579617,4.43753E-07
10403,10403,71.675422,63.70753766,10318,1466,310,63.70749452,0.001645439,0.000226644,7.06385E-10
10408,10408,6449636.654,30077.33456,10494,1591,310,30077.33454,148.063875,0.093900517,6.35523E-05
10423,10423,848372.1256,10676.47279,9868,1441,310,10676.47292,19.47602151,0.033400198,8.36203E-06
10440,10440,1456.631428,316.97219,10002,1239,310,316.9721404,0.033439841,0.001132458,1.43578E-08
10444,10444,395688.2285,10186.30895,9870,1739,310,10186.30899,9.083788137,0.033395624,3.90016E-06
10445,10445,23263.24679,903.1899756,10261,1755,310,903.189962,0.534052766,0.002688085,2.29268E-07
10457,10457,3184953.769,15548.94614,10601,1249,310,15548.94579,73.11677077,0.048949697,3.13831E-05
10460,10460,2026211.894,17058.04716,10148,0,0,17058.0471,46.5156109,0.055018157,1.99695E-05
10471,10471,287465.5804,5103.547048,10708,1667,310,5103.547379,6.59932837,0.016322094,2.83242E-06
10474,10474,70507.17336,3082.795759,10149,861,310,3082.795706,1.618628473,0.009571485,6.94896E-07
10475,10475,70261.76495,1417.958994,10264,1274,310,1417.959119,1.612994774,0.004826139,6.92471E-07
10481,10481,65287.96346,1630.907757,9774,1432,310,1630.907743,1.498811424,0.005297191,6.43556E-07
10482,10482,1846555.621,6673.109529,10006,1554,310,6673.109448,42.39125292,0.021428325,1.81999E-05
10484,10484,22115.72195,895.0163209,9874,1443,310,895.0162931,0.507709091,0.002606952,2.17991E-07
10492,10492,144925.9106,2131.858873,10710,1668,310,2131.858814,3.32705438,0.006787057,1.428E-06
10502,10502,233461.9711,2841.017946,10329,0,0,2841.018075,5.359570887,0.009277757,2.30076E-06
10505,10505,115841.0201,4996.899495,10606,983,310,4996.899479,2.659354318,0.015596894,1.14143E-06
10509,10509,184854.0253,3217.736336,10330,1589,310,3217.736369,4.243681553,0.009274102,1.82173E-06
10519,10519,424010.5131,5562.570248,10505,1256,310,5562.570033,9.73398085,0.017518767,4.17836E-06
10527,10527,41542.3264,2512.149531,10011,1767,310,2512.149606,0.953684496,0.008720492,4.09461E-07
10535,10535,1230199.936,7851.284753,10714,1662,310,7851.284762,28.24161807,0.023899007,1.21209E-05
10541,10541,47719.26921,1159.685099,10333,1776,310,1159.685138,1.095488099,0.003416383,4.70273E-07
10543,10543,8038.790548,408.9199733,9879,1442,310,408.9200146,0.184545997,0.001337787,7.92375E-08
10552,10552,43560.92273,1262.666803,10273,865,310,1262.666876,1.000025228,0.004163571,4.29307E-07
10555,10555,1575770.827,16468.46756,9881,0,0,16468.46796,36.17486595,0.05306723,1.55313E-05
10560,10560,215616.1596,4182.754605,10274,1543,310,4182.754804,4.949886066,0.013357589,2.12496E-06
10569,10569,81214.6568,1924.391985,10335,1597,310,1924.391959,1.864439523,0.006142012,8.00368E-07
10574,10574,97293.27134,3141.960564,10665,1651,310,3141.960518,2.23355434,0.010265254,9.58671E-07
10575,10575,37302.21666,1767.915455,10336,1781,310,1767.915375,0.856344754,0.004919026,3.67609E-07
10577,10577,153487.2825,5916.908745,9784,0,0,5916.908748,3.523597412,0.017001989,1.5129E-06
10579,10579,30125.23223,992.8535482,10511,0,0,992.8534219,0.691583122,0.002992459,2.96863E-07
10582,10582,3543369.713,20520.29052,10718,2417,310,20520.29071,81.34490127,0.062794693,3.49128E-05
10586,10586,1366115.341,12769.14768,10017,858,310,12769.14773,31.3618177,0.042182861,1.34644E-05
10587,10587,99763.64928,3520.581042,10338,1588,310,3520.581101,2.290267328,0.011499543,9.83181E-07
10597,10597,932264.607,7474.462741,10339,1255,310,7474.462956,21.40193678,0.02406051,9.18747E-06
10611,10611,27674.77379,1372.077315,10019,0,0,1372.07727,0.635327983,0.004566199,2.72769E-07
10613,10613,1490184.336,14515.26688,10163,1272,310,14515.26711,34.21006211,0.046581929,1.46866E-05
10617,10617,27344.41546,1374.471179,10164,1553,310,1374.471216,0.627744079,0.004854339,2.69503E-07
10618,10618,11946.48257,545.1994991,9787,0,0,545.1996158,0.274254593,0.001724074,1.17759E-07
10622,10622,221221.6211,4151.737375,10515,914,310,4151.737227,5.078570125,0.012309487,2.17989E-06
10639,10639,13842.32218,471.8367686,10281,1304,310,471.8368243,0.317777223,0.001537141,1.36424E-07
10641,10641,867412.9544,6790.806638,10344,1586,310,6790.806675,19.91314182,0.0203265,8.54822E-06
10657,10657,54796.73067,1051.288915,10283,1750,310,1051.288959,1.257964816,0.003351855,5.40039E-07
10658,10658,1558865.47,5806.830488,10346,1587,310,5806.830397,35.78676926,0.018604998,1.53624E-05
10660,10660,83706.59255,1808.390264,10168,1461,310,1808.390136,1.921646161,0.006279035,8.25008E-07
10669,10669,36554.00607,2212.827836,10673,1652,310,2212.827841,0.839167785,0.007320246,3.60184E-07
10671,10671,192569.8237,7241.596478,10285,1763,310,7241.596352,4.420812234,0.021123362,1.8977E-06
10679,10679,46297.12878,2565.492899,9793,779,310,2565.492892,1.062839501,0.008558018,4.56355E-07
10690,10690,24538.29143,1110.773438,10029,1601,310,1110.77352,0.563324099,0.003733283,2.41854E-07
10696,10696,25015.06744,842.4774793,9795,1428,310,842.4775763,0.574269311,0.002814932,2.46577E-07
10712,10712,51160.63891,1211.351096,10937,0,0,1211.351093,1.174491211,0.004110731,5.04057E-07
10735,10735,24848.60311,1462.018756,10406,1589,310,1462.01881,0.570447865,0.004542216,2.44878E-07
10745,10745,67889.74666,1339.49951,9902,1446,310,1339.499615,1.558540517,0.004265631,6.69174E-07
10753,10753,68.574222,122.0788967,10292,866,310,122.0787339,0.001574238,0.000437954,6.75888E-10
10758,10758,14687.89802,1056.792365,10529,1251,310,1056.792388,0.337188922,0.003342024,1.4474E-07
10759,10759,48089.29246,1793.64644,10733,1661,310,1793.646397,1.103982584,0.005493344,4.73836E-07
10762,10762,28725.6012,1214.473338,10530,1773,310,1214.473385,0.659451725,0.003996869,2.83068E-07
10764,10764,3341450.602,23268.54949,10293,1267,310,23268.5495,76.70945738,0.074862626,3.29293E-05
10775,10775,59912.38685,1589.513851,9804,1431,310,1589.513783,1.375404533,0.004794545,5.90556E-07
10780,10780,36576.93919,2887.055776,9805,1236,310,2887.055853,0.839694127,0.008542729,3.60544E-07
10788,10788,4244531.5,12783.99152,10533,0,0,12783.99154,97.44142415,0.039060903,4.18248E-05
10798,10798,222277.9946,3182.610883,10534,1584,310,3182.610894,5.10282096,0.010194789,2.19037E-06
10803,10803,51905.44854,1196.057645,9908,1455,310,1196.057615,1.191589729,0.004031761,5.11617E-07
10808,10808,31939.39189,1819.598392,10040,1761,310,1819.59836,0.733230543,0.00514413,3.14799E-07
10809,10809,512397.2989,6925.823174,10535,0,0,6925.823131,11.7630703,0.022803535,5.04912E-06
10821,10821,258113.7457,4715.55501,9810,1747,310,4715.555134,5.925499789,0.014494262,2.54419E-06
10828,10828,158343.8686,2851.308367,9911,1447,310,2851.308466,3.63508936,0.008577842,1.56073E-06
10853,10853,146027.1456,3073.999352,10693,1657,310,3073.999352,3.352335607,0.009301057,1.43883E-06
10868,10868,973295.196,7498.051274,10424,1257,310,7498.051144,22.3438727,0.022787069,9.59136E-06
10880,10880,83349.74132,2774.69355,10426,1596,310,2774.693447,1.913454372,0.008602832,8.21379E-07
10901,10901,246481.6257,2855.749418,10430,1259,310,2855.749348,5.65846235,0.009224548,2.429E-06
10905,10905,185410.1429,5898.41207,10431,1768,310,5898.412049,4.256447341,0.017090724,1.82706E-06
10906,10906,159941.9845,2216.09713,9825,6183,0,2216.097095,3.671777512,0.006951555,1.57659E-06
10919,10919,71314.3904,2889.489297,10435,1258,310,2889.489228,1.637159321,0.009281942,7.02782E-07
10924,10924,19402.80571,728.5537125,9830,1430,310,728.5537712,0.445428881,0.002253865,1.91253E-07
10928,10928,54491.7575,1334.298327,10437,1600,310,1334.298224,1.250963339,0.004151392,5.36995E-07
10929,10929,38.154538,56.9818606,9932,875,310,56.98180878,0.000875918,0.000203818,3.76088E-10
10945,10945,1855588.818,11323.49653,9936,0,0,11323.49662,42.59862771,0.036173447,1.82897E-05
10963,10963,72908.45764,1622.954619,10761,981,310,1622.954553,1.67375496,0.00523588,7.18373E-07
10980,10980,17081.3653,855.2142733,10777,993,310,855.2144392,0.392135783,0.002507018,1.68304E-07
10994,10994,39186.21959,1432.806457,10791,1658,310,1432.806458,0.899595652,0.004832667,3.86104E-07
10995,10995,67328.97395,1040.38377,10792,1644,310,1040.383825,1.545666858,0.003363178,6.63393E-07
11150,11150,5145478.424,25089.0654,11012,50,310,25089.06559,118.1244026,0.080166607,5.06913E-05
11254,11254,45536.70992,1822.738044,10950,2408,310,1822.738119,1.045383174,0.005464163,4.48643E-07
11287,11287,35602.37928,1321.112018,11038,0,0,1321.112022,0.817321374,0.004341058,3.50757E-07
11524,11524,45130.90151,1010.534176,11224,2526,310,1010.534048,1.036067037,0.00314052,4.44594E-07
11525,11525,29441.79765,1543.526614,11060,2530,310,1543.526545,0.675893294,0.004813972,2.90057E-07
11843,11843,112342.5436,2494.584597,11265,2532,310,2494.584578,2.579040546,0.008101301,1.10669E-06